{"metadata":{"asset_id":"b67683e6-1e01-49ee-9f22-10991c144a13","asset_attributes":["data_asset"],"name":"pml06_2_18.csv","asset_type":"data_asset","created_at":"2020-10-27T22:48:27Z","description":"","origin_country":"us","owner_id":"IBMid-550009BS0M","project_id":"f36093aa-09d1-408b-ae0a-177693f3aba5","size":26055089,"tags":[],"usage":{"last_update_time":1603838908926,"last_updated_at":"2020-10-27T22:48:28Z"}},"entity":{"data_asset":{"mime_type":"text/csv","dataset":false}},"attachments":[{"id":"bc56fb47-2d9c-4772-bbc2-07f492486f30","version":2,"asset_type":"data_asset","name":"pml06_2_18.csv","mime":"text/csv","datasource_type":"193a97c1-4475-4a19-b90c-295c4fdc6517","object_key":"pml06_2_18.csv","creator_id":"IBMid-550009BS0M","create_time":1603838908926,"size":26055089,"is_remote":false,"is_managed":false,"is_referenced":true,"is_object_key_read_only":true,"is_user_provided_path_key":true,"transfer_complete":true,"is_partitioned":false,"complete_time_ticks":1603838908926,"user_data":{},"test_doc":0,"handle":{"bucket":"proyectointegrador2-donotdelete-pr-tkwitzwhweuhed","location":"us-geo","key":"pml06_2_18.csv","upload_id":"done","max_part_num":1},"usage":{"access_count":0,"last_accessor_id":"IBMid-550009BS0M","last_access_time":1603838908926}}]}
