{"metadata":{"asset_id":"9a8bd23f-3465-4be4-985d-0cfd48b23e75","asset_attributes":["data_asset"],"name":"pml04_2_18.csv","asset_type":"data_asset","created_at":"2020-10-27T21:16:33Z","description":"","origin_country":"us","owner_id":"IBMid-550009BS0M","project_id":"f36093aa-09d1-408b-ae0a-177693f3aba5","size":25936244,"tags":[],"usage":{"last_update_time":1603833394848,"last_updated_at":"2020-10-27T21:16:34Z"}},"entity":{"data_asset":{"mime_type":"text/csv","dataset":false}},"attachments":[{"id":"02759ced-f57e-4bd9-91b0-3e96c9463c01","version":2,"asset_type":"data_asset","name":"pml04_2_18.csv","mime":"text/csv","datasource_type":"193a97c1-4475-4a19-b90c-295c4fdc6517","object_key":"pml04_2_18.csv","creator_id":"IBMid-550009BS0M","create_time":1603833394847,"size":25936244,"is_remote":false,"is_managed":false,"is_referenced":true,"is_object_key_read_only":true,"is_user_provided_path_key":true,"transfer_complete":true,"is_partitioned":false,"complete_time_ticks":1603833394847,"user_data":{},"test_doc":0,"handle":{"bucket":"proyectointegrador2-donotdelete-pr-tkwitzwhweuhed","location":"us-geo","key":"pml04_2_18.csv","upload_id":"done","max_part_num":1},"usage":{"access_count":0,"last_accessor_id":"IBMid-550009BS0M","last_access_time":1603833394847}}]}
