{"metadata":{"asset_id":"efd84965-5a13-4630-8a73-61bf924344b3","asset_attributes":["data_asset"],"name":"pml05_2_18.csv","asset_type":"data_asset","created_at":"2020-10-27T21:19:14Z","description":"","origin_country":"us","owner_id":"IBMid-550009BS0M","project_id":"f36093aa-09d1-408b-ae0a-177693f3aba5","size":27763309,"tags":[],"usage":{"last_update_time":1603833556049,"last_updated_at":"2020-10-27T21:19:16Z"}},"entity":{"data_asset":{"mime_type":"text/csv","dataset":false}},"attachments":[{"id":"2880e5c6-9205-4cfc-a33f-ea5339ac8741","version":2,"asset_type":"data_asset","name":"pml05_2_18.csv","mime":"text/csv","datasource_type":"193a97c1-4475-4a19-b90c-295c4fdc6517","object_key":"pml05_2_18.csv","creator_id":"IBMid-550009BS0M","create_time":1603833556048,"size":27763309,"is_remote":false,"is_managed":false,"is_referenced":true,"is_object_key_read_only":true,"is_user_provided_path_key":true,"transfer_complete":true,"is_partitioned":false,"complete_time_ticks":1603833556048,"user_data":{},"test_doc":0,"handle":{"bucket":"proyectointegrador2-donotdelete-pr-tkwitzwhweuhed","location":"us-geo","key":"pml05_2_18.csv","upload_id":"done","max_part_num":1},"usage":{"access_count":0,"last_accessor_id":"IBMid-550009BS0M","last_access_time":1603833556048}}]}
