{"metadata":{"asset_id":"e85b0f4c-3594-4bd4-bbf4-65cff55b9705","asset_attributes":["data_asset"],"name":"pml01_1_18.csv","asset_type":"data_asset","created_at":"2020-10-27T18:41:48Z","description":"","origin_country":"us","owner_id":"IBMid-550009BS0M","project_id":"f36093aa-09d1-408b-ae0a-177693f3aba5","size":25137203,"tags":[],"usage":{"last_update_time":1603824109410,"last_updated_at":"2020-10-27T18:41:49Z"}},"entity":{"data_asset":{"mime_type":"text/csv","dataset":false}},"attachments":[{"id":"e6663aab-b0e1-46ec-a2ff-d8360502726d","version":2,"asset_type":"data_asset","name":"pml01_1_18.csv","mime":"text/csv","datasource_type":"193a97c1-4475-4a19-b90c-295c4fdc6517","object_key":"pml01_1_18.csv","creator_id":"IBMid-550009BS0M","create_time":1603824109409,"size":25137203,"is_remote":false,"is_managed":false,"is_referenced":true,"is_object_key_read_only":true,"is_user_provided_path_key":true,"transfer_complete":true,"is_partitioned":false,"complete_time_ticks":1603824109409,"user_data":{},"test_doc":0,"handle":{"bucket":"proyectointegrador2-donotdelete-pr-tkwitzwhweuhed","location":"us-geo","key":"pml01_1_18.csv","upload_id":"done","max_part_num":1},"usage":{"access_count":0,"last_accessor_id":"IBMid-550009BS0M","last_access_time":1603824109409}}]}
