{"metadata":{"asset_id":"e1bf50c1-ab0a-44b5-9f8d-aa735be32422","asset_attributes":["data_asset"],"name":"pml03_2_17.csv","asset_type":"data_asset","created_at":"2020-10-26T19:21:59Z","description":"","origin_country":"us","owner_id":"IBMid-550009BS0M","project_id":"f36093aa-09d1-408b-ae0a-177693f3aba5","size":26762785,"tags":[],"usage":{"last_update_time":1603740121603,"last_updated_at":"2020-10-26T19:22:01Z"}},"entity":{"data_asset":{"mime_type":"text/csv","dataset":false}},"attachments":[{"id":"e48ba218-e72b-4917-ba3a-5e30972fef06","version":2,"asset_type":"data_asset","name":"pml03_2_17.csv","mime":"text/csv","datasource_type":"193a97c1-4475-4a19-b90c-295c4fdc6517","object_key":"pml03_2_17.csv","creator_id":"IBMid-550009BS0M","create_time":1603740121602,"size":26762785,"is_remote":false,"is_managed":false,"is_referenced":true,"is_object_key_read_only":true,"is_user_provided_path_key":true,"transfer_complete":true,"is_partitioned":false,"complete_time_ticks":1603740121602,"user_data":{},"test_doc":0,"handle":{"bucket":"proyectointegrador2-donotdelete-pr-tkwitzwhweuhed","location":"us-geo","key":"pml03_2_17.csv","upload_id":"done","max_part_num":1},"usage":{"access_count":0,"last_accessor_id":"IBMid-550009BS0M","last_access_time":1603740121602}}]}
