{"metadata":{"asset_id":"a9de6633-3155-4378-84e1-c68e1e01125c","asset_attributes":["data_asset"],"name":"pml01_2_17.csv","asset_type":"data_asset","created_at":"2020-10-26T19:21:26Z","description":"","origin_country":"us","owner_id":"IBMid-550009BS0M","project_id":"f36093aa-09d1-408b-ae0a-177693f3aba5","size":23312614,"tags":[],"usage":{"last_update_time":1603740088048,"last_updated_at":"2020-10-26T19:21:28Z"}},"entity":{"data_asset":{"mime_type":"text/csv","dataset":false}},"attachments":[{"id":"f47b5ceb-668b-42f1-bf58-5164c685fe13","version":2,"asset_type":"data_asset","name":"pml01_2_17.csv","mime":"text/csv","datasource_type":"193a97c1-4475-4a19-b90c-295c4fdc6517","object_key":"pml01_2_17.csv","creator_id":"IBMid-550009BS0M","create_time":1603740088048,"size":23312614,"is_remote":false,"is_managed":false,"is_referenced":true,"is_object_key_read_only":true,"is_user_provided_path_key":true,"transfer_complete":true,"is_partitioned":false,"complete_time_ticks":1603740088048,"user_data":{},"test_doc":0,"handle":{"bucket":"proyectointegrador2-donotdelete-pr-tkwitzwhweuhed","location":"us-geo","key":"pml01_2_17.csv","upload_id":"done","max_part_num":1},"usage":{"access_count":0,"last_accessor_id":"IBMid-550009BS0M","last_access_time":1603740088048}}]}
