{"metadata":{"asset_id":"60e428f4-d246-45f6-8c7a-12caff487fca","asset_attributes":["data_asset"],"name":"pml06_2_17.csv","asset_type":"data_asset","created_at":"2020-10-26T19:22:47Z","description":"","origin_country":"us","owner_id":"IBMid-550009BS0M","project_id":"f36093aa-09d1-408b-ae0a-177693f3aba5","size":25585992,"tags":[],"usage":{"last_update_time":1603740168651,"last_updated_at":"2020-10-26T19:22:48Z"}},"entity":{"data_asset":{"mime_type":"text/csv","dataset":false}},"attachments":[{"id":"9b57049f-2c59-4e1a-bd9e-4bf7399ba257","version":2,"asset_type":"data_asset","name":"pml06_2_17.csv","mime":"text/csv","datasource_type":"193a97c1-4475-4a19-b90c-295c4fdc6517","object_key":"pml06_2_17.csv","creator_id":"IBMid-550009BS0M","create_time":1603740168651,"size":25585992,"is_remote":false,"is_managed":false,"is_referenced":true,"is_object_key_read_only":true,"is_user_provided_path_key":true,"transfer_complete":true,"is_partitioned":false,"complete_time_ticks":1603740168651,"user_data":{},"test_doc":0,"handle":{"bucket":"proyectointegrador2-donotdelete-pr-tkwitzwhweuhed","location":"us-geo","key":"pml06_2_17.csv","upload_id":"done","max_part_num":1},"usage":{"access_count":0,"last_accessor_id":"IBMid-550009BS0M","last_access_time":1603740168651}}]}
