{"metadata":{"asset_id":"866f0de2-18ef-4636-88f3-3e76dc65e555","asset_attributes":["data_asset"],"name":"pml12_2_19.csv","asset_type":"data_asset","created_at":"2020-10-28T00:25:42Z","description":"","origin_country":"us","owner_id":"IBMid-550009BS0M","project_id":"f36093aa-09d1-408b-ae0a-177693f3aba5","size":28357904,"tags":[],"usage":{"last_update_time":1603844743692,"last_updated_at":"2020-10-28T00:25:43Z"}},"entity":{"data_asset":{"mime_type":"text/csv","dataset":false}},"attachments":[{"id":"160016b0-2d47-4c11-9229-85f37eb07592","version":2,"asset_type":"data_asset","name":"pml12_2_19.csv","mime":"text/csv","datasource_type":"193a97c1-4475-4a19-b90c-295c4fdc6517","object_key":"pml12_2_19.csv","creator_id":"IBMid-550009BS0M","create_time":1603844743691,"size":28357904,"is_remote":false,"is_managed":false,"is_referenced":true,"is_object_key_read_only":true,"is_user_provided_path_key":true,"transfer_complete":true,"is_partitioned":false,"complete_time_ticks":1603844743691,"user_data":{},"test_doc":0,"handle":{"bucket":"proyectointegrador2-donotdelete-pr-tkwitzwhweuhed","location":"us-geo","key":"pml12_2_19.csv","upload_id":"done","max_part_num":1},"usage":{"access_count":0,"last_accessor_id":"IBMid-550009BS0M","last_access_time":1603844743691}}]}
