{"metadata":{"asset_id":"52db42f7-f8a4-4b6f-a0eb-a9bf95fa0bfa","asset_attributes":["data_asset"],"name":"pml05_2_19.csv","asset_type":"data_asset","created_at":"2020-10-28T17:39:12Z","description":"","origin_country":"us","owner_id":"IBMid-550009BS0M","project_id":"f36093aa-09d1-408b-ae0a-177693f3aba5","size":28054867,"tags":[],"usage":{"last_update_time":1603906754111,"last_updated_at":"2020-10-28T17:39:14Z"}},"entity":{"data_asset":{"mime_type":"text/csv","dataset":false}},"attachments":[{"id":"e0e77b91-b788-4dc1-9cd9-d3024c96be0c","version":2,"asset_type":"data_asset","name":"pml05_2_19.csv","mime":"text/csv","datasource_type":"193a97c1-4475-4a19-b90c-295c4fdc6517","object_key":"pml05_2_19.csv","creator_id":"IBMid-550009BS0M","create_time":1603906754111,"size":28054867,"is_remote":false,"is_managed":false,"is_referenced":true,"is_object_key_read_only":true,"is_user_provided_path_key":true,"transfer_complete":true,"is_partitioned":false,"complete_time_ticks":1603906754111,"user_data":{},"test_doc":0,"handle":{"bucket":"proyectointegrador2-donotdelete-pr-tkwitzwhweuhed","location":"us-geo","key":"pml05_2_19.csv","upload_id":"done","max_part_num":1},"usage":{"access_count":0,"last_accessor_id":"IBMid-550009BS0M","last_access_time":1603906754111}}]}
