{"metadata":{"asset_id":"b8bdb2a7-2d51-4d81-9cb7-93cb0dc236f6","asset_attributes":["data_asset"],"name":"pml07_1_19.csv","asset_type":"data_asset","created_at":"2020-10-28T17:39:21Z","description":"","origin_country":"us","owner_id":"IBMid-550009BS0M","project_id":"f36093aa-09d1-408b-ae0a-177693f3aba5","size":25685815,"tags":[],"usage":{"last_update_time":1603906762070,"last_updated_at":"2020-10-28T17:39:22Z"}},"entity":{"data_asset":{"mime_type":"text/csv","dataset":false}},"attachments":[{"id":"d3d4bf73-9a22-4943-9a20-0cb6f13c0a06","version":2,"asset_type":"data_asset","name":"pml07_1_19.csv","mime":"text/csv","datasource_type":"193a97c1-4475-4a19-b90c-295c4fdc6517","object_key":"pml07_1_19.csv","creator_id":"IBMid-550009BS0M","create_time":1603906762069,"size":25685815,"is_remote":false,"is_managed":false,"is_referenced":true,"is_object_key_read_only":true,"is_user_provided_path_key":true,"transfer_complete":true,"is_partitioned":false,"complete_time_ticks":1603906762069,"user_data":{},"test_doc":0,"handle":{"bucket":"proyectointegrador2-donotdelete-pr-tkwitzwhweuhed","location":"us-geo","key":"pml07_1_19.csv","upload_id":"done","max_part_num":1},"usage":{"access_count":0,"last_accessor_id":"IBMid-550009BS0M","last_access_time":1603906762069}}]}
