{"metadata":{"asset_id":"ae9f89ba-4a7a-4c46-99de-dea30638fd2c","asset_attributes":["data_asset"],"name":"pml12_1_19.csv","asset_type":"data_asset","created_at":"2020-10-28T00:25:45Z","description":"","origin_country":"us","owner_id":"IBMid-550009BS0M","project_id":"f36093aa-09d1-408b-ae0a-177693f3aba5","size":26156734,"tags":[],"usage":{"last_update_time":1603844746741,"last_updated_at":"2020-10-28T00:25:46Z"}},"entity":{"data_asset":{"mime_type":"text/csv","dataset":false}},"attachments":[{"id":"cbd40425-8779-4b50-9b83-051c690ae3fc","version":2,"asset_type":"data_asset","name":"pml12_1_19.csv","mime":"text/csv","datasource_type":"193a97c1-4475-4a19-b90c-295c4fdc6517","object_key":"pml12_1_19.csv","creator_id":"IBMid-550009BS0M","create_time":1603844746741,"size":26156734,"is_remote":false,"is_managed":false,"is_referenced":true,"is_object_key_read_only":true,"is_user_provided_path_key":true,"transfer_complete":true,"is_partitioned":false,"complete_time_ticks":1603844746741,"user_data":{},"test_doc":0,"handle":{"bucket":"proyectointegrador2-donotdelete-pr-tkwitzwhweuhed","location":"us-geo","key":"pml12_1_19.csv","upload_id":"done","max_part_num":1},"usage":{"access_count":0,"last_accessor_id":"IBMid-550009BS0M","last_access_time":1603844746741}}]}
