{"metadata":{"asset_id":"ee4a62ba-8860-402e-b9cb-76f4b4223335","asset_attributes":["data_asset"],"name":"pml09_2_19.csv","asset_type":"data_asset","created_at":"2020-10-28T17:40:00Z","description":"","origin_country":"us","owner_id":"IBMid-550009BS0M","project_id":"f36093aa-09d1-408b-ae0a-177693f3aba5","size":26191298,"tags":[],"usage":{"last_update_time":1603906801677,"last_updated_at":"2020-10-28T17:40:01Z"}},"entity":{"data_asset":{"mime_type":"text/csv","dataset":false}},"attachments":[{"id":"348820c5-728a-4d10-8d2f-4c855cd13aa0","version":2,"asset_type":"data_asset","name":"pml09_2_19.csv","mime":"text/csv","datasource_type":"193a97c1-4475-4a19-b90c-295c4fdc6517","object_key":"pml09_2_19.csv","creator_id":"IBMid-550009BS0M","create_time":1603906801676,"size":26191298,"is_remote":false,"is_managed":false,"is_referenced":true,"is_object_key_read_only":true,"is_user_provided_path_key":true,"transfer_complete":true,"is_partitioned":false,"complete_time_ticks":1603906801676,"user_data":{},"test_doc":0,"handle":{"bucket":"proyectointegrador2-donotdelete-pr-tkwitzwhweuhed","location":"us-geo","key":"pml09_2_19.csv","upload_id":"done","max_part_num":1},"usage":{"access_count":0,"last_accessor_id":"IBMid-550009BS0M","last_access_time":1603906801676}}]}
