Fecha,Mezcla_Mexicana
03/01/2005,31.42
04/01/2005,32.77
05/01/2005,32.64
06/01/2005,33.95
07/01/2005,34.15
10/01/2005,34.35
11/01/2005,34.6
12/01/2005,34.75
13/01/2005,35.69
14/01/2005,35.99
17/01/2005,35.95
18/01/2005,35.85
19/01/2005,34.62
20/01/2005,34.08
21/01/2005,35.34
24/01/2005,35.75
25/01/2005,36.21
26/01/2005,36.26
27/01/2005,36.14
28/01/2005,35.05
31/01/2005,35.39
01/02/2005,35.09
02/02/2005,34.38
03/02/2005,34.24
04/02/2005,34.55
07/02/2005,33.34
08/02/2005,33.17
09/02/2005,33.17
10/02/2005,34.41
11/02/2005,34.9
14/02/2005,35.13
15/02/2005,35.18
16/02/2005,36.02
17/02/2005,35.52
18/02/2005,36.1
21/02/2005,36.27
22/02/2005,38.02
23/02/2005,39.1
24/02/2005,39.25
25/02/2005,39.58
28/02/2005,39.79
01/03/2005,39.53
02/03/2005,40.33
03/03/2005,41.17
04/03/2005,41.23
07/03/2005,41.42
08/03/2005,42.12
09/03/2005,42
10/03/2005,41.48
11/03/2005,41.95
14/03/2005,42.18
15/03/2005,42.26
16/03/2005,43.28
17/03/2005,43.47
18/03/2005,44.04
21/03/2005,43.82
22/03/2005,43.18
23/03/2005,39.09
24/03/2005,39.09
25/03/2005,39.09
28/03/2005,41.03
29/03/2005,41.31
30/03/2005,40.97
31/03/2005,42.26
01/04/2005,44.67
04/04/2005,44.71
05/04/2005,44.09
06/04/2005,44.55
07/04/2005,43.32
08/04/2005,43.28
11/04/2005,43.35
12/04/2005,41.28
13/04/2005,40.22
14/04/2005,40.63
15/04/2005,40.47
18/04/2005,39.53
19/04/2005,40.9
20/04/2005,41.54
21/04/2005,42.68
22/04/2005,43.53
25/04/2005,43.23
26/04/2005,44.56
27/04/2005,42.54
28/04/2005,42.58
29/04/2005,40.93
02/05/2005,41.9
03/05/2005,41.23
04/05/2005,42.16
05/05/2005,42.48
06/05/2005,42.62
09/05/2005,43.87
10/05/2005,43.82
11/05/2005,42.99
12/05/2005,41.49
13/05/2005,40.48
16/05/2005,40.52
17/05/2005,40.95
18/05/2005,40.08
19/05/2005,39.74
20/05/2005,40.12
23/05/2005,41.06
24/05/2005,41.5
25/05/2005,42.13
26/05/2005,42.37
27/05/2005,42.95
30/05/2005,43.05
31/05/2005,43.08
01/06/2005,44.4
02/06/2005,44.16
03/06/2005,45.27
06/06/2005,45.27
07/06/2005,44.6
08/06/2005,43.76
09/06/2005,44.48
10/06/2005,44.24
13/06/2005,45.55
14/06/2005,45.69
15/06/2005,45.93
16/06/2005,46.75
17/06/2005,48.53
20/06/2005,49.23
21/06/2005,49.09
22/06/2005,48.5
23/06/2005,49.04
24/06/2005,49.11
27/06/2005,49.33
28/06/2005,48.93
29/06/2005,47.39
30/06/2005,46.94
01/07/2005,48.75
04/07/2005,48.42
05/07/2005,49.14
06/07/2005,50.43
07/07/2005,50.15
08/07/2005,49.8
11/07/2005,49.18
12/07/2005,50.49
13/07/2005,49.85
14/07/2005,48.04
15/07/2005,48.35
18/07/2005,47.48
19/07/2005,47.55
20/07/2005,46.95
21/07/2005,47.04
22/07/2005,47.82
25/07/2005,48.14
26/07/2005,48.87
27/07/2005,48.87
28/07/2005,48.68
29/07/2005,49.63
01/08/2005,50.39
02/08/2005,50.98
03/08/2005,50.23
04/08/2005,47.82
05/08/2005,48.01
08/08/2005,48.01
09/08/2005,52.49
10/08/2005,53.61
11/08/2005,54.59
12/08/2005,55.35
15/08/2005,54.77
16/08/2005,54.37
17/08/2005,52.09
18/08/2005,51.55
19/08/2005,52.93
22/08/2005,53.51
23/08/2005,53.43
24/08/2005,54.57
25/08/2005,54.77
26/08/2005,54.17
29/08/2005,54.86
30/08/2005,56.1
31/08/2005,56.44
01/09/2005,57.35
02/09/2005,56.23
05/09/2005,56.35
06/09/2005,55.27
07/09/2005,54.17
08/09/2005,53.65
09/09/2005,53.24
12/09/2005,52.23
13/09/2005,51.84
14/09/2005,53.97
15/09/2005,53.58
16/09/2005,52.2
19/09/2005,55.23
20/09/2005,55.36
21/09/2005,56.3
22/09/2005,56.2
23/09/2005,54.57
26/09/2005,54.39
27/09/2005,54.18
28/09/2005,55.01
29/09/2005,56.17
30/09/2005,55.35
03/10/2005,54.01
04/10/2005,52.81
05/10/2005,51.52
06/10/2005,50.62
07/10/2005,50.14
10/10/2005,49.65
11/10/2005,51.37
12/10/2005,51.79
13/10/2005,51.16
14/10/2005,50.57
17/10/2005,51.97
18/10/2005,50.87
19/10/2005,50.38
20/10/2005,49.3
21/10/2005,49.14
24/10/2005,48.99
25/10/2005,50.43
26/10/2005,48.74
27/10/2005,49.12
28/10/2005,49.42
31/10/2005,50.42
01/11/2005,49.13
02/11/2005,47.93
03/11/2005,49.27
04/11/2005,48.56
07/11/2005,47.32
08/11/2005,47.19
09/11/2005,46.4
10/11/2005,45.71
11/11/2005,44.96
14/11/2005,45.14
15/11/2005,44.37
16/11/2005,44.67
17/11/2005,43.73
18/11/2005,44.16
21/11/2005,44.79
22/11/2005,45.54
23/11/2005,45.32
24/11/2005,45.33
25/11/2005,45.29
28/11/2005,44.73
29/11/2005,43.89
30/11/2005,43.96
01/12/2005,44.85
02/12/2005,44.85
05/12/2005,46.87
06/12/2005,46.91
07/12/2005,46.49
08/12/2005,47.95
09/12/2005,46.96
12/12/2005,48.37
13/12/2005,48.45
14/12/2005,48.47
15/12/2005,48.23
16/12/2005,46.56
19/12/2005,45.85
20/12/2005,46.04
21/12/2005,46.37
22/12/2005,46.05
23/12/2005,46.15
26/12/2005,46.33
27/12/2005,46.13
28/12/2005,47.85
29/12/2005,48.65
30/12/2005,49.78
02/01/2006,50.01
03/01/2006,51.37
04/01/2006,51.96
05/01/2006,50.89
06/01/2006,51.96
09/01/2006,51.4
10/01/2006,51.23
11/01/2006,51.71
12/01/2006,51.78
13/01/2006,51.63
16/01/2006,51.69
17/01/2006,51.84
18/01/2006,53.26
19/01/2006,53.78
20/01/2006,54.96
23/01/2006,54.92
24/01/2006,54.2
25/01/2006,52.55
26/01/2006,53.19
27/01/2006,54.56
30/01/2006,55.11
31/01/2006,54.69
01/02/2006,54.5
02/02/2006,53.54
03/02/2006,53.17
06/02/2006,53.07
07/02/2006,51.73
08/02/2006,51.11
09/02/2006,51.14
10/02/2006,50.66
13/02/2006,49.88
14/02/2006,47.95
15/02/2006,46.41
16/02/2006,46.78
17/02/2006,47.99
20/02/2006,47.99
21/02/2006,50.6
22/02/2006,48.29
23/02/2006,48.46
24/02/2006,50.09
27/02/2006,49.53
28/02/2006,50.22
01/03/2006,51.06
02/03/2006,52.27
03/03/2006,52.51
06/03/2006,51.82
07/03/2006,50.98
08/03/2006,49.95
09/03/2006,50.32
10/03/2006,49.87
13/03/2006,51.25
14/03/2006,52.47
15/03/2006,52
16/03/2006,52.96
17/03/2006,53.21
20/03/2006,51.22
21/03/2006,52.62
22/03/2006,51.69
23/03/2006,53.71
24/03/2006,53.64
27/03/2006,54.26
28/03/2006,55.7
29/03/2006,56.22
30/03/2006,56.6
31/03/2006,56.01
03/04/2006,56.12
04/04/2006,55.97
05/04/2006,56.83
06/04/2006,57.74
07/04/2006,57.83
10/04/2006,58.82
11/04/2006,59.62
12/04/2006,59.18
13/04/2006,59.18
14/04/2006,60
17/04/2006,60.9
18/04/2006,61.64
19/04/2006,62.41
20/04/2006,62.46
21/04/2006,63.49
24/04/2006,61.37
25/04/2006,60.45
26/04/2006,62.26
27/04/2006,61.28
28/04/2006,61.28
01/05/2006,63.6
02/05/2006,64.44
03/05/2006,62.94
04/05/2006,61.18
05/05/2006,60.44
08/05/2006,59.77
09/05/2006,60.17
10/05/2006,61.52
11/05/2006,61.76
12/05/2006,61.29
15/05/2006,58.85
16/05/2006,58.32
17/05/2006,57.87
18/05/2006,58.97
19/05/2006,58.06
22/05/2006,58.88
23/05/2006,59.18
24/05/2006,58.23
25/05/2006,59.29
26/05/2006,59.46
29/05/2006,60.18
30/05/2006,60.48
31/05/2006,59.84
01/06/2006,59.12
02/06/2006,60.32
05/06/2006,59.95
06/06/2006,60.08
07/06/2006,58.54
08/06/2006,58.31
09/06/2006,59.37
12/06/2006,58.42
13/06/2006,56.9
14/06/2006,57.15
15/06/2006,57.47
16/06/2006,57.41
19/06/2006,56.78
20/06/2006,56.78
21/06/2006,57.72
22/06/2006,58.31
23/06/2006,58.12
26/06/2006,59.59
27/06/2006,60.17
28/06/2006,60.67
29/06/2006,61.83
30/06/2006,62.34
03/07/2006,62.33
04/07/2006,62.29
05/07/2006,63.22
06/07/2006,63.15
07/07/2006,62.27
10/07/2006,61.93
11/07/2006,62.55
12/07/2006,63.7
13/07/2006,65.58
14/07/2006,65.85
17/07/2006,65.04
18/07/2006,64.79
19/07/2006,63.85
20/07/2006,63.64
21/07/2006,63.38
24/07/2006,63.22
25/07/2006,63.05
26/07/2006,63.88
27/07/2006,64.81
28/07/2006,63.95
31/07/2006,65.2
01/08/2006,65.79
02/08/2006,66.62
03/08/2006,66.57
04/08/2006,65.85
07/08/2006,67.57
08/08/2006,67.47
09/08/2006,67.15
10/08/2006,65.42
11/08/2006,65.2
14/08/2006,64.28
15/08/2006,63.38
16/08/2006,62.25
17/08/2006,61.17
18/08/2006,61.96
21/08/2006,62.7
22/08/2006,62.69
23/08/2006,61.72
24/08/2006,62.22
25/08/2006,61.92
28/08/2006,60.95
29/08/2006,60.01
30/08/2006,60.5
31/08/2006,60.4
01/09/2006,60.03
04/09/2006,59.76
05/09/2006,58.71
06/09/2006,58.57
07/09/2006,58.57
08/09/2006,58.57
11/09/2006,55.57
12/09/2006,54.13
13/09/2006,54.09
14/09/2006,53.5
15/09/2006,53.54
18/09/2006,53.88
19/09/2006,52.23
20/09/2006,50.32
21/09/2006,50.88
22/09/2006,49.9
25/09/2006,50.56
26/09/2006,50.95
27/09/2006,52.34
28/09/2006,52.42
29/09/2006,52.63
02/10/2006,51.1
03/10/2006,49.27
04/10/2006,50.35
05/10/2006,50.87
06/10/2006,50.67
09/10/2006,50.8
10/10/2006,49.79
11/10/2006,48.74
12/10/2006,49.4
13/10/2006,49.82
16/10/2006,51.05
17/10/2006,50.52
18/10/2006,49.43
19/10/2006,49.97
20/10/2006,49.06
23/10/2006,48.58
24/10/2006,48.82
25/10/2006,50.37
26/10/2006,51.06
27/10/2006,51.32
30/10/2006,49.69
31/10/2006,49.57
01/11/2006,49.71
03/11/2006,49.33
06/11/2006,50.46
07/11/2006,49.89
08/11/2006,50.58
09/11/2006,51.32
10/11/2006,50.65
13/11/2006,49.69
14/11/2006,49.59
15/11/2006,49.93
16/11/2006,47.78
17/11/2006,47.58
20/11/2006,48.09
21/11/2006,49.33
22/11/2006,48.54
23/11/2006,48.32
24/11/2006,48.91
27/11/2006,48.88
28/11/2006,51.25
29/11/2006,52.66
30/11/2006,53.74
01/12/2006,54.58
04/12/2006,53.59
05/12/2006,53.26
06/12/2006,53.27
07/12/2006,53.27
08/12/2006,53.27
11/12/2006,53.27
12/12/2006,52
13/12/2006,51.87
14/12/2006,52.85
15/12/2006,53.19
18/12/2006,52.35
19/12/2006,52.57
20/12/2006,52.67
21/12/2006,51.92
22/12/2006,52.1
26/12/2006,51.34
27/12/2006,50.87
28/12/2006,50.85
29/12/2006,51.23
02/01/2007,51.23
03/01/2007,49.13
04/01/2007,46.5
05/01/2007,46.57
08/01/2007,46.86
09/01/2007,46.73
10/01/2007,45.15
11/01/2007,44.06
12/01/2007,44.56
15/01/2007,44.56
16/01/2007,43.05
17/01/2007,43.74
18/01/2007,42.69
19/01/2007,43.98
22/01/2007,43.65
23/01/2007,42.97
24/01/2007,44.11
25/01/2007,43.74
26/01/2007,44.84
29/01/2007,43.96
30/01/2007,45.86
31/01/2007,46.94
01/02/2007,46.58
02/02/2007,46.58
06/02/2007,46.58
07/02/2007,47.22
08/02/2007,47.99
09/02/2007,48.23
12/02/2007,46.32
13/02/2007,47.22
14/02/2007,46.42
15/02/2007,46.31
16/02/2007,47.64
19/02/2007,47.64
20/02/2007,46.43
21/02/2007,47.57
22/02/2007,50.87
23/02/2007,48.14
26/02/2007,49.53
27/02/2007,49.24
28/02/2007,49.46
01/03/2007,50.24
02/03/2007,49.94
05/03/2007,48.47
06/03/2007,48.93
07/03/2007,49.9
08/03/2007,49.68
09/03/2007,48.69
12/03/2007,47.98
13/03/2007,48.41
14/03/2007,48.8
15/03/2007,48.11
16/03/2007,47.65
19/03/2007,47.65
20/03/2007,48.03
21/03/2007,48.59
22/03/2007,50.22
23/03/2007,50.22
26/03/2007,51.73
27/03/2007,51.89
28/03/2007,53.24
29/03/2007,55.1
30/03/2007,58.65
02/04/2007,55.6
03/04/2007,54.29
04/04/2007,54.29
09/04/2007,54.73
10/04/2007,53.72
11/04/2007,54.01
12/04/2007,54.01
13/04/2007,54.77
16/04/2007,54.17
17/04/2007,53.32
18/04/2007,53.12
19/04/2007,53.4
20/04/2007,53.49
23/04/2007,55.16
24/04/2007,54.49
25/04/2007,55.85
26/04/2007,55.8
27/04/2007,56.45
30/04/2007,55.68
01/05/2007,55.68
02/05/2007,55.46
03/05/2007,54.86
04/05/2007,53.9
07/05/2007,53.9
08/05/2007,53.56
09/05/2007,53.08
10/05/2007,53.28
11/05/2007,53.95
14/05/2007,54.22
15/05/2007,55.01
16/05/2007,55.22
17/05/2007,57.21
18/05/2007,56.89
21/05/2007,57.67
22/05/2007,57.19
23/05/2007,57.71
24/05/2007,57.19
25/05/2007,57.5
28/05/2007,57.5
29/05/2007,56.72
30/05/2007,56.72
31/05/2007,56.46
01/06/2007,57.65
04/06/2007,59.14
05/06/2007,59
06/06/2007,59.4
07/06/2007,59.83
08/06/2007,57.82
11/06/2007,58.39
12/06/2007,58.49
13/06/2007,59.47
14/06/2007,60.91
15/06/2007,61.09
18/06/2007,61.85
19/06/2007,64.66
20/06/2007,64.01
21/06/2007,63.25
22/06/2007,61.29
25/06/2007,60.85
26/06/2007,60.36
27/06/2007,60.79
28/06/2007,60.87
29/06/2007,61.6
02/07/2007,61.95
03/07/2007,65.58
04/07/2007,62.5
05/07/2007,62.75
06/07/2007,63.6
09/07/2007,63.55
10/07/2007,63.97
11/07/2007,63.63
12/07/2007,64.32
13/07/2007,65.07
16/07/2007,64.96
17/07/2007,64.72
18/07/2007,65.53
19/07/2007,66.64
20/07/2007,66.22
23/07/2007,65.44
24/07/2007,64.65
25/07/2007,66.02
26/07/2007,67.12
27/07/2007,67.12
30/07/2007,66.68
31/07/2007,67.49
01/08/2007,66.47
02/08/2007,66.64
03/08/2007,65.82
06/08/2007,62.63
07/08/2007,62.46
08/08/2007,62.05
09/08/2007,61.43
10/08/2007,61.16
13/08/2007,61.34
14/08/2007,60.95
15/08/2007,61.62
16/08/2007,59.52
17/08/2007,60.44
20/08/2007,59.56
21/08/2007,58.69
22/08/2007,58.5
23/08/2007,59.14
24/08/2007,60.05
27/08/2007,60.05
28/08/2007,60.58
29/08/2007,61.7
30/08/2007,61.87
31/08/2007,62.7
03/09/2007,62.7
04/09/2007,63.13
05/09/2007,63.39
06/09/2007,63.74
07/09/2007,63.67
10/09/2007,64.18
11/09/2007,65.05
12/09/2007,66.17
13/09/2007,66.3
14/09/2007,65.9
17/09/2007,66.48
18/09/2007,67.02
19/09/2007,67.67
20/09/2007,68.87
21/09/2007,68.48
24/09/2007,68
25/09/2007,67.01
26/09/2007,66.69
27/09/2007,68.73
28/09/2007,68.57
01/10/2007,70.5
02/10/2007,70.24
03/10/2007,67.26
04/10/2007,68.26
05/10/2007,68.45
08/10/2007,69.69
09/10/2007,70.53
10/10/2007,71.5
11/10/2007,72.73
12/10/2007,73.85
15/10/2007,72.79
16/10/2007,74.25
17/10/2007,73.64
18/10/2007,74.37
19/10/2007,73.65
22/10/2007,72.09
23/10/2007,71.6
24/10/2007,73.8
25/10/2007,76.19
26/10/2007,76.95
29/10/2007,78.69
30/10/2007,76
31/10/2007,79.53
01/11/2007,78.1
02/11/2007,79.53
05/11/2007,80.07
06/11/2007,82.15
07/11/2007,82.84
08/11/2007,82.8
09/11/2007,82.44
12/11/2007,80.96
13/11/2007,78.78
14/11/2007,80.41
15/11/2007,79.83
16/11/2007,84.41
19/11/2007,81.61
20/11/2007,88.71
21/11/2007,89.26
22/11/2007,84.2
23/11/2007,82.67
26/11/2007,82.33
27/11/2007,80.33
28/11/2007,77.18
29/11/2007,77.9
30/11/2007,75.87
03/12/2007,76.55
04/12/2007,77.05
05/12/2007,76.81
06/12/2007,77.85
07/12/2007,77.18
10/12/2007,75.94
11/12/2007,77.17
12/12/2007,84.09
13/12/2007,83.34
14/12/2007,83.34
17/12/2007,82.22
18/12/2007,82.22
19/12/2007,82.55
20/12/2007,82.19
21/12/2007,82.19
24/12/2007,83.95
25/12/2007,84.21
26/12/2007,82.84
27/12/2007,82.84
28/12/2007,82.84
31/12/2007,82.84
01/01/2008,83.44
02/01/2008,83.44
03/01/2008,85.21
04/01/2008,85.21
07/01/2008,81.96
08/01/2008,83.43
09/01/2008,82.63
10/01/2008,80.16
11/01/2008,79.14
14/01/2008,80.68
15/01/2008,78.99
16/01/2008,77.58
17/01/2008,80.59
18/01/2008,77.12
21/01/2008,77.12
22/01/2008,75.36
23/01/2008,79.53
24/01/2008,75.86
25/01/2008,77.45
28/01/2008,78.16
29/01/2008,78.89
30/01/2008,79.18
31/01/2008,81.52
01/02/2008,75.5
04/02/2008,75.5
05/02/2008,74.71
06/02/2008,73.8
07/02/2008,78.69
08/02/2008,77.36
11/02/2008,79.44
12/02/2008,78.72
13/02/2008,79.18
14/02/2008,81.46
15/02/2008,81
18/02/2008,81
19/02/2008,83.54
20/02/2008,83.48
21/02/2008,81.98
22/02/2008,82.26
25/02/2008,82.41
26/02/2008,84.1
27/02/2008,83.51
28/02/2008,86.05
29/02/2008,86.05
03/03/2008,87.23
04/03/2008,84.14
05/03/2008,88.3
06/03/2008,88.99
07/03/2008,88.86
10/03/2008,90.09
11/03/2008,90.78
12/03/2008,91.51
13/03/2008,91.51
14/03/2008,91.81
17/03/2008,91.81
18/03/2008,91.81
19/03/2008,91.81
20/03/2008,91.81
21/03/2008,86.71
24/03/2008,84.78
25/03/2008,85.7
26/03/2008,85.7
27/03/2008,90.02
28/03/2008,88.46
31/03/2008,86.09
01/04/2008,84.8
02/04/2008,87.21
03/04/2008,87
04/04/2008,88.43
07/04/2008,91.06
08/04/2008,90.47
09/04/2008,92.02
10/04/2008,91.65
11/04/2008,91.84
14/04/2008,92.9
15/04/2008,94.63
16/04/2008,94.63
17/04/2008,94.89
18/04/2008,95.94
21/04/2008,96.38
22/04/2008,97.74
23/04/2008,98.07
24/04/2008,98.07
25/04/2008,98.59
28/04/2008,98.67
29/04/2008,95.97
30/04/2008,95.97
01/05/2008,93.79
02/05/2008,96.62
05/05/2008,96.62
06/05/2008,102.3
07/05/2008,103.1
08/05/2008,103.2
09/05/2008,105.4
12/05/2008,103.49
13/05/2008,104.57
14/05/2008,103.43
15/05/2008,104.17
16/05/2008,106.17
19/05/2008,106.26
20/05/2008,108.37
21/05/2008,112.06
22/05/2008,110.99
23/05/2008,111.61
26/05/2008,111.61
27/05/2008,109.53
28/05/2008,110.76
29/05/2008,107.59
30/05/2008,107.51
02/06/2008,108.27
03/06/2008,105.69
04/06/2008,103.73
05/06/2008,108.08
06/06/2008,116.92
09/06/2008,115.25
10/06/2008,113.94
11/06/2008,117.69
12/06/2008,117.93
13/06/2008,116.69
16/06/2008,116.57
17/06/2008,115.57
18/06/2008,116.99
19/06/2008,114.2
20/06/2008,116.47
23/06/2008,117.51
24/06/2008,118.05
25/06/2008,116.36
26/06/2008,121.31
27/06/2008,122.41
30/06/2008,121.31
01/07/2008,122.41
02/07/2008,128.7
03/07/2008,131.24
04/07/2008,131.24
07/07/2008,127.99
08/07/2008,123.35
09/07/2008,123.36
10/07/2008,127.85
11/07/2008,132.18
14/07/2008,132.71
15/07/2008,128.09
16/07/2008,125.41
17/07/2008,121.2
18/07/2008,120.01
21/07/2008,121.23
22/07/2008,118.01
23/07/2008,114.03
24/07/2008,114.88
25/07/2008,113.64
28/07/2008,115.73
29/07/2008,114.09
30/07/2008,116.46
31/07/2008,115.7
01/08/2008,116.95
04/08/2008,114.17
05/08/2008,110.35
06/08/2008,109.4
07/08/2008,110.29
08/08/2008,105.33
11/08/2008,104.91
12/08/2008,103.63
13/08/2008,106.59
14/08/2008,106.32
15/08/2008,104.85
18/08/2008,105.1
19/08/2008,106.45
20/08/2008,105.1
21/08/2008,112.47
22/08/2008,106.66
25/08/2008,106.66
26/08/2008,107.85
27/08/2008,109.47
28/08/2008,108.08
29/08/2008,107.54
01/09/2008,107.54
02/09/2008,100.8
03/09/2008,99.97
04/09/2008,97.88
05/09/2008,95.94
08/09/2008,95.95
09/09/2008,92.26
10/09/2008,91.61
11/09/2008,90.47
12/09/2008,90.47
15/09/2008,90.73
16/09/2008,81.1
17/09/2008,84.48
18/09/2008,86.35
19/09/2008,92
22/09/2008,100.51
23/09/2008,96.98
24/09/2008,96.32
25/09/2008,97.71
26/09/2008,95.82
29/09/2008,87.82
30/09/2008,90.68
01/10/2008,87.69
02/10/2008,84.37
03/10/2008,83.89
06/10/2008,77.97
07/10/2008,78.03
08/10/2008,76.19
09/10/2008,74.17
10/10/2008,65.89
13/10/2008,68.27
14/10/2008,66.87
15/10/2008,62.85
16/10/2008,58.14
17/10/2008,59.58
20/10/2008,61.4
21/10/2008,58.92
22/10/2008,54.4
23/10/2008,55.3
24/10/2008,51.03
27/10/2008,49.8
28/10/2008,49.66
29/10/2008,54.04
30/10/2008,51.01
31/10/2008,51.75
03/11/2008,47.72
04/11/2008,52.79
05/11/2008,48.34
06/11/2008,43.65
07/11/2008,44.13
10/11/2008,45.36
11/11/2008,42.58
12/11/2008,39.73
13/11/2008,41.72
14/11/2008,41.72
17/11/2008,40.39
18/11/2008,38.29
19/11/2008,38.01
20/11/2008,34.44
21/11/2008,34.69
24/11/2008,39.82
25/11/2008,37.24
26/11/2008,40.28
27/11/2008,37.24
28/11/2008,40.28
01/12/2008,36.4
02/12/2008,35.21
03/12/2008,35.06
04/12/2008,32.92
05/12/2008,30.52
08/12/2008,33.16
09/12/2008,32.8
10/12/2008,33.68
11/12/2008,37.85
12/12/2008,37.85
15/12/2008,36.35
16/12/2008,35.43
17/12/2008,33.83
18/12/2008,31
19/12/2008,30.5
22/12/2008,28.42
23/12/2008,28.72
24/12/2008,28.72
25/12/2008,28.72
26/12/2008,28.72
29/12/2008,30.27
30/12/2008,30.38
31/12/2008,30.38
01/01/2009,30.38
02/01/2009,34.22
05/01/2009,40
06/01/2009,41.51
07/01/2009,37.32
08/01/2009,36.48
09/01/2009,36.31
12/01/2009,34.81
13/01/2009,36.89
14/01/2009,36.5
15/01/2009,36.45
16/01/2009,36.89
19/01/2009,36.89
20/01/2009,36.63
21/01/2009,37.21
22/01/2009,37.41
23/01/2009,39.95
26/01/2009,41.64
27/01/2009,38.79
28/01/2009,39.87
29/01/2009,39.88
30/01/2009,40.09
02/02/2009,40.09
03/02/2009,39.06
04/02/2009,38.82
05/02/2009,39.68
06/02/2009,39.19
09/02/2009,39.37
10/02/2009,38.25
11/02/2009,37.22
12/02/2009,36.29
13/02/2009,37.56
16/02/2009,37.56
17/02/2009,35.07
18/02/2009,33.71
19/02/2009,37
20/02/2009,36.41
23/02/2009,35.6
24/02/2009,37
25/02/2009,38.92
26/02/2009,41.76
27/02/2009,40.73
02/03/2009,37.23
03/03/2009,38.15
04/03/2009,40.31
05/03/2009,38.51
06/03/2009,39.38
09/03/2009,40.04
10/03/2009,39.17
11/03/2009,36.83
12/03/2009,39.63
13/03/2009,39.63
16/03/2009,39.6
17/03/2009,41.55
18/03/2009,41.55
19/03/2009,43.8
20/03/2009,43.49
23/03/2009,45.3
24/03/2009,45.62
25/03/2009,45.05
26/03/2009,46.39
27/03/2009,45.3
30/03/2009,41.93
31/03/2009,42.87
01/04/2009,43.52
02/04/2009,47.47
03/04/2009,47.29
06/04/2009,46.96
07/04/2009,46.23
09/04/2009,46.23
10/04/2009,46.23
13/04/2009,46.23
14/04/2009,46.64
15/04/2009,47.16
16/04/2009,47.65
17/04/2009,47.57
20/04/2009,43.93
21/04/2009,44.47
22/04/2009,44.69
23/04/2009,45.49
24/04/2009,47.56
27/04/2009,46.47
28/04/2009,46.23
29/04/2009,47.4
30/04/2009,47.57
01/05/2009,47.57
04/05/2009,47.57
05/05/2009,47.57
06/05/2009,54.84
07/05/2009,55.34
08/05/2009,56.38
11/05/2009,55.69
12/05/2009,56.06
13/05/2009,55.66
14/05/2009,55.66
15/05/2009,53.87
18/05/2009,55.89
19/05/2009,56.04
20/05/2009,57.93
21/05/2009,57.27
22/05/2009,57.03
25/05/2009,57.03
26/05/2009,58.45
27/05/2009,59.65
28/05/2009,61.17
29/05/2009,62.33
01/06/2009,62.34
02/06/2009,62.99
03/06/2009,60.81
04/06/2009,63.25
05/06/2009,63.15
08/06/2009,62.96
09/06/2009,64.44
10/06/2009,65.36
11/06/2009,66.2
12/06/2009,64.93
15/06/2009,64.31
16/06/2009,63.41
17/06/2009,64.62
18/06/2009,65.51
19/06/2009,64.54
22/06/2009,61.63
23/06/2009,63.19
24/06/2009,62.96
25/06/2009,64.34
26/06/2009,64.1
29/06/2009,65.97
30/06/2009,64.64
01/07/2009,64.25
02/07/2009,62.12
03/07/2009,62.12
06/07/2009,59.41
07/07/2009,58.13
08/07/2009,55.87
09/07/2009,56.04
10/07/2009,55.57
13/07/2009,55.78
14/07/2009,56.21
15/07/2009,58.77
16/07/2009,59.4
17/07/2009,60.55
20/07/2009,61.28
21/07/2009,61.91
22/07/2009,61.46
23/07/2009,63.3
24/07/2009,64.06
27/07/2009,65.21
28/07/2009,64.17
29/07/2009,60.73
30/07/2009,64.51
31/07/2009,65.8
03/08/2009,67.43
04/08/2009,67.24
05/08/2009,68.07
06/08/2009,68.12
07/08/2009,66.86
10/08/2009,66.92
11/08/2009,65.98
12/08/2009,66.83
13/08/2009,66.83
14/08/2009,65.29
17/08/2009,64.14
18/08/2009,66.84
19/08/2009,69.48
20/08/2009,68.94
21/08/2009,69.15
24/08/2009,69.92
25/08/2009,67.61
26/08/2009,66.88
27/08/2009,68.1
28/08/2009,68.58
31/08/2009,68.58
01/09/2009,64.3
02/09/2009,63.69
03/09/2009,63.15
04/09/2009,62.84
07/09/2009,62.84
08/09/2009,65.86
09/09/2009,66.16
10/09/2009,66.31
11/09/2009,64.16
14/09/2009,63.47
15/09/2009,65.08
16/09/2009,66.52
17/09/2009,67.11
18/09/2009,66.4
21/09/2009,63.93
22/09/2009,65.6
23/09/2009,63.07
24/09/2009,60.48
25/09/2009,60.43
28/09/2009,61.26
29/09/2009,60.85
30/09/2009,63.64
01/10/2009,64.18
02/10/2009,64.18
05/10/2009,63.38
06/10/2009,64.57
07/10/2009,63.53
08/10/2009,65.4
09/10/2009,65.88
12/10/2009,66.71
13/10/2009,67.25
14/10/2009,67.86
15/10/2009,70.13
16/10/2009,71.32
19/10/2009,72.26
20/10/2009,71.83
21/10/2009,73.9
22/10/2009,74.13
23/10/2009,73.21
26/10/2009,72.24
27/10/2009,72.66
28/10/2009,70.8
29/10/2009,73.24
30/10/2009,70.9
02/11/2009,70.9
03/11/2009,73.16
04/11/2009,74.77
05/11/2009,74.04
06/11/2009,71.69
09/11/2009,73.61
10/11/2009,73.15
11/11/2009,73.27
12/11/2009,71.07
13/11/2009,70.67
16/11/2009,70.67
17/11/2009,73.25
18/11/2009,74
19/11/2009,72.31
20/11/2009,71.57
23/11/2009,72.26
24/11/2009,70.7
25/11/2009,71.83
26/11/2009,71.83
27/11/2009,71.83
30/11/2009,71.83
01/12/2009,73.5
02/12/2009,71.95
03/12/2009,72.23
04/12/2009,71.76
07/12/2009,70.2
08/12/2009,69.07
09/12/2009,67.36
10/12/2009,66.44
11/12/2009,65.92
14/12/2009,65.98
15/12/2009,66.73
16/12/2009,68.34
17/12/2009,67.55
18/12/2009,67.75
21/12/2009,67.28
22/12/2009,67.5
23/12/2009,69.33
24/12/2009,69.33
25/12/2009,69.33
28/12/2009,70.44
29/12/2009,72.34
30/12/2009,73.12
31/12/2009,73.12
04/01/2010,75.01
05/01/2010,75.32
06/01/2010,76.53
07/01/2010,76.31
08/01/2010,76.43
11/01/2010,76.04
12/01/2010,74.62
13/01/2010,73.25
14/01/2010,73.43
15/01/2010,72.14
18/01/2010,72.14
19/01/2010,72.06
20/01/2010,70.62
21/01/2010,69.56
22/01/2010,67.97
25/01/2010,68.62
26/01/2010,68.5
27/01/2010,67.96
28/01/2010,67.83
29/01/2010,67.83
01/02/2010,67.17
02/02/2010,70.46
03/02/2010,70.7
04/02/2010,67.04
05/02/2010,65.52
08/02/2010,65.32
09/02/2010,66.97
10/02/2010,67.57
11/02/2010,68.64
12/02/2010,67.51
15/02/2010,67.51
16/02/2010,70.54
17/02/2010,70.64
18/02/2010,72.06
19/02/2010,72.52
22/02/2010,72.81
23/02/2010,71.78
24/02/2010,72.41
25/02/2010,70.17
26/02/2010,71.65
01/03/2010,70.62
02/03/2010,71.67
03/03/2010,72.68
04/03/2010,71.99
05/03/2010,73.19
08/03/2010,73.36
09/03/2010,72.64
10/03/2010,73.38
11/03/2010,73.02
12/03/2010,71.92
15/03/2010,71.92
16/03/2010,72.68
17/03/2010,73.47
18/03/2010,73.47
19/03/2010,71.35
22/03/2010,72.21
23/03/2010,72.81
24/03/2010,71.67
25/03/2010,71.81
26/03/2010,70.97
29/03/2010,73.22
30/03/2010,72.99
31/03/2010,72.99
05/04/2010,72.99
06/04/2010,76.27
07/04/2010,75.35
08/04/2010,75.42
09/04/2010,75.01
12/04/2010,75.18
13/04/2010,74.65
14/04/2010,76.13
15/04/2010,76.1
16/04/2010,74.56
19/04/2010,73.34
20/04/2010,74.58
21/04/2010,74.62
22/04/2010,74.98
23/04/2010,76.28
26/04/2010,76.16
27/04/2010,74.86
28/04/2010,75.06
29/04/2010,76.57
30/04/2010,77.02
03/05/2010,77.02
04/05/2010,75.25
05/05/2010,75.25
06/05/2010,69.43
07/05/2010,68.44
10/05/2010,68.44
11/05/2010,70.19
12/05/2010,70.03
13/05/2010,69.36
14/05/2010,66.64
17/05/2010,64.67
18/05/2010,64.17
19/05/2010,64.1
20/05/2010,62.15
21/05/2010,61.81
24/05/2010,61.44
25/05/2010,60.29
26/05/2010,62.85
27/05/2010,65.6
28/05/2010,65.5
31/05/2010,65.6
01/06/2010,64.96
02/06/2010,65.97
03/06/2010,66.97
04/06/2010,63.68
07/06/2010,63.97
08/06/2010,64.09
09/06/2010,65.9
10/06/2010,66.94
11/06/2010,65.86
14/06/2010,66.97
15/06/2010,68.09
16/06/2010,69.11
17/06/2010,68.93
18/06/2010,69.24
21/06/2010,69.68
22/06/2010,69.01
23/06/2010,67.33
24/06/2010,67.52
25/06/2010,69.41
28/06/2010,69.44
29/06/2010,67.1
30/06/2010,66.91
01/07/2010,64.83
02/07/2010,64.16
05/07/2010,64.16
06/07/2010,65.03
07/07/2010,66.53
08/07/2010,67.91
09/07/2010,68.39
12/07/2010,67.15
13/07/2010,69.53
14/07/2010,69.55
15/07/2010,68.99
16/07/2010,68.46
19/07/2010,69.05
20/07/2010,69.34
21/07/2010,68.38
22/07/2010,70.72
23/07/2010,70.38
26/07/2010,70.88
27/07/2010,69.58
28/07/2010,69.17
29/07/2010,70.83
30/07/2010,71.11
02/08/2010,74.4
03/08/2010,75.5
04/08/2010,75.24
05/08/2010,74.61
06/08/2010,73.38
09/08/2010,74.1
10/08/2010,72.92
11/08/2010,70.9
12/08/2010,68.97
13/08/2010,68.36
16/08/2010,68.17
17/08/2010,69.3
18/08/2010,68.71
19/08/2010,67.85
20/08/2010,66.76
23/08/2010,66.03
24/08/2010,64.91
25/08/2010,65.98
26/08/2010,67.29
27/08/2010,68.92
30/08/2010,68.92
31/08/2010,66.46
01/09/2010,68.32
02/09/2010,68.73
03/09/2010,68.38
06/09/2010,68.38
07/09/2010,68.62
08/09/2010,69.47
09/09/2010,69.16
10/09/2010,69.16
13/09/2010,70.83
14/09/2010,70.91
15/09/2010,70.91
16/09/2010,70.91
17/09/2010,69.03
20/09/2010,70.37
21/09/2010,69.35
22/09/2010,68.71
23/09/2010,68.98
24/09/2010,70.12
27/09/2010,70.05
28/09/2010,70.36
29/09/2010,71.53
30/09/2010,73.37
01/10/2010,74.88
04/10/2010,75.1
05/10/2010,75.7
06/10/2010,76.47
07/10/2010,75.04
08/10/2010,75.64
11/10/2010,75.21
12/10/2010,75.21
13/10/2010,75.83
14/10/2010,75.25
15/10/2010,74.03
18/10/2010,76.16
19/10/2010,72.61
20/10/2010,73.98
21/10/2010,72.87
22/10/2010,73.53
25/10/2010,74.48
26/10/2010,74.9
27/10/2010,74.22
28/10/2010,74.69
29/10/2010,74.03
01/11/2010,74.03
02/11/2010,74.03
03/11/2010,77.09
04/11/2010,78.83
05/11/2010,78.83
08/11/2010,78.9
09/11/2010,78.96
10/11/2010,79.63
11/11/2010,79.72
12/11/2010,77.19
16/11/2010,74.76
17/11/2010,74.76
18/11/2010,75
19/11/2010,74.47
22/11/2010,73.82
23/11/2010,73.39
24/11/2010,75.35
25/11/2010,75.35
26/11/2010,75.35
29/11/2010,77.95
30/11/2010,76.93
01/12/2010,79.11
02/12/2010,80.58
03/12/2010,81.76
06/12/2010,81.67
07/12/2010,81.18
08/12/2010,81
09/12/2010,81.12
10/12/2010,80.59
13/12/2010,81.22
14/12/2010,81.23
15/12/2010,81.8
16/12/2010,81.66
17/12/2010,81.65
20/12/2010,81.88
21/12/2010,82.52
22/12/2010,82.92
23/12/2010,83.51
24/12/2010,83.51
27/12/2010,83.51
28/12/2010,83.51
29/12/2010,83.57
30/12/2010,82.46
31/12/2010,82.46
03/01/2011,83.51
04/01/2011,83.15
05/01/2011,84.29
06/01/2011,83.41
07/01/2011,82.92
10/01/2011,84.04
11/01/2011,85.22
12/01/2011,85.83
13/01/2011,85.43
14/01/2011,85.95
17/01/2011,85.95
18/01/2011,85.63
19/01/2011,85.59
20/01/2011,84.09
21/01/2011,84.2
24/01/2011,86.65
25/01/2011,82.31
26/01/2011,84.27
27/01/2011,83.19
28/01/2011,85.34
31/01/2011,87.39
01/02/2011,87.82
02/02/2011,88.53
03/02/2011,88.39
04/02/2011,86.87
07/02/2011,86.87
08/02/2011,86.37
09/02/2011,86.53
10/02/2011,86.53
11/02/2011,86.03
14/02/2011,87.86
15/02/2011,87.07
16/02/2011,88.13
17/02/2011,88.83
18/02/2011,88.19
21/02/2011,88.19
22/02/2011,93.56
23/02/2011,96.66
24/02/2011,97.25
25/02/2011,97.69
28/02/2011,97.92
01/03/2011,100.98
02/03/2011,103.12
03/03/2011,101.71
04/03/2011,103.41
07/03/2011,103.69
08/03/2011,102.17
09/03/2011,102.86
10/03/2011,101.86
11/03/2011,100.62
14/03/2011,100.54
15/03/2011,97.1
16/03/2011,97.96
17/03/2011,100.98
18/03/2011,100.98
21/03/2011,100.98
22/03/2011,102.38
23/03/2011,102.96
24/03/2011,103.49
25/03/2011,103.87
28/03/2011,103.44
29/03/2011,103.7
30/03/2011,103.24
31/03/2011,105.07
01/04/2011,107.89
04/04/2011,109.52
05/04/2011,110.17
06/04/2011,110.57
07/04/2011,110.97
08/04/2011,113.54
11/04/2011,111.39
12/04/2011,108.05
13/04/2011,109.2
14/04/2011,109.55
15/04/2011,110.96
18/04/2011,108.96
19/04/2011,108.84
20/04/2011,108.84
21/04/2011,108.84
25/04/2011,108.84
26/04/2011,108.76
27/04/2011,108.62
28/04/2011,113.1
29/04/2011,113.1
02/05/2011,113.1
03/05/2011,112.31
04/05/2011,110.86
05/05/2011,101.66
06/05/2011,101.15
09/05/2011,104.7
10/05/2011,104.7
11/05/2011,103.03
12/05/2011,102.39
13/05/2011,102.9
16/05/2011,101.52
17/05/2011,101.52
18/05/2011,102.4
19/05/2011,101.51
20/05/2011,101.77
23/05/2011,99.8
24/05/2011,102.29
25/05/2011,104.51
26/05/2011,104.38
27/05/2011,104.36
30/05/2011,104.36
31/05/2011,106.36
01/06/2011,105.12
02/06/2011,105.45
03/06/2011,105.95
06/06/2011,104.84
07/06/2011,105.66
08/06/2011,106.77
09/06/2011,107.94
10/06/2011,106.2
13/06/2011,105.23
14/06/2011,106.33
15/06/2011,102.98
16/06/2011,102.51
17/06/2011,101.3
20/06/2011,100.75
21/06/2011,100.59
22/06/2011,102.41
23/06/2011,98.29
24/06/2011,96.88
27/06/2011,96.19
28/06/2011,98.37
29/06/2011,101.29
30/06/2011,101.09
01/07/2011,100.79
04/07/2011,100.79
05/07/2011,102.7
06/07/2011,103.01
07/07/2011,105.83
08/07/2011,105
11/07/2011,103.77
12/07/2011,104.83
13/07/2011,105.88
14/07/2011,104.61
15/07/2011,105.76
18/07/2011,104.92
19/07/2011,106.05
20/07/2011,106.06
21/07/2011,106.82
22/07/2011,107.49
25/07/2011,106.91
26/07/2011,107.28
27/07/2011,106.35
28/07/2011,106.29
29/07/2011,106.29
01/08/2011,105.89
02/08/2011,105.09
03/08/2011,102.36
04/08/2011,98.14
05/08/2011,97.57
08/08/2011,93.53
09/08/2011,93.53
10/08/2011,93.75
11/08/2011,96.28
12/08/2011,96.43
15/08/2011,98.26
16/08/2011,98.15
17/08/2011,99.32
18/08/2011,94.98
19/08/2011,95.9
22/08/2011,96.06
23/08/2011,97.5
24/08/2011,97.84
25/08/2011,98.05
26/08/2011,98.72
29/08/2011,98.72
30/08/2011,98.72
31/08/2011,102.4
01/09/2011,103.57
02/09/2011,101.7
05/09/2011,101.7
06/09/2011,101.02
07/09/2011,104.27
08/09/2011,103.7
09/09/2011,102.06
12/09/2011,101.81
13/09/2011,102.04
14/09/2011,101.5
15/09/2011,101.5
16/09/2011,101.5
19/09/2011,100.67
20/09/2011,101.48
21/09/2011,101.45
22/09/2011,96.46
23/09/2011,95.72
26/09/2011,95.41
27/09/2011,97.98
28/09/2011,95.94
29/09/2011,95.94
30/09/2011,93.87
03/10/2011,94.44
04/10/2011,92.89
05/10/2011,95.54
06/10/2011,97.62
07/10/2011,98.5
10/10/2011,100.99
11/10/2011,101.84
12/10/2011,101.84
13/10/2011,101.56
14/10/2011,104.25
17/10/2011,103.06
18/10/2011,103.96
19/10/2011,102.51
20/10/2011,102.67
21/10/2011,103.8
24/10/2011,105.54
25/10/2011,105.35
26/10/2011,103.25
27/10/2011,105.87
28/10/2011,104.69
31/10/2011,103.91
01/11/2011,103.94
02/11/2011,103.94
03/11/2011,106.63
04/11/2011,107.73
07/11/2011,107.73
08/11/2011,110.56
09/11/2011,109.53
10/11/2011,109.42
11/11/2011,110.24
14/11/2011,108.86
15/11/2011,109.38
16/11/2011,110.13
17/11/2011,110.13
18/11/2011,105.65
21/11/2011,107.11
22/11/2011,105.65
23/11/2011,104.99
24/11/2011,104.99
25/11/2011,104.99
28/11/2011,106.04
29/11/2011,107.92
30/11/2011,107.64
01/12/2011,106.38
02/12/2011,107.05
05/12/2011,107.1
06/12/2011,107.23
07/12/2011,106.38
08/12/2011,104.92
09/12/2011,105.28
12/12/2011,105.28
13/12/2011,104.14
14/12/2011,101.93
15/12/2011,101.04
16/12/2011,101.33
19/12/2011,100.9
20/12/2011,104.08
21/12/2011,104.86
22/12/2011,105.12
23/12/2011,105.12
26/12/2011,105.12
27/12/2011,105.17
28/12/2011,104.86
29/12/2011,104.97
30/12/2011,105
02/01/2012,105
03/01/2012,108.12
04/01/2012,109.3
05/01/2012,108.48
06/01/2012,108.2
09/01/2012,108.2
10/01/2012,108.78
11/01/2012,107.5
12/01/2012,106.79
13/01/2012,106.29
16/01/2012,106.29
17/01/2012,107.46
18/01/2012,106.98
19/01/2012,106.84
20/01/2012,105.33
23/01/2012,105.33
24/01/2012,105.33
25/01/2012,106.42
26/01/2012,107.07
27/01/2012,107.22
30/01/2012,106.53
31/01/2012,106.3
01/02/2012,105.77
02/02/2012,105.05
03/02/2012,105.57
06/02/2012,107.47
07/02/2012,107.87
08/02/2012,108.51
09/02/2012,110.09
10/02/2012,109.31
13/02/2012,109.31
14/02/2012,110.21
15/02/2012,111.23
16/02/2012,111.78
17/02/2012,111.38
20/02/2012,111.78
21/02/2012,112.54
22/02/2012,113.17
23/02/2012,114.36
24/02/2012,116.16
27/02/2012,115.52
28/02/2012,113.76
29/02/2012,113.77
01/03/2012,117.54
02/03/2012,115.19
05/03/2012,115.3
06/03/2012,113.22
07/03/2012,114.63
08/03/2012,115.76
09/03/2012,115.76
12/03/2012,115.18
13/03/2012,116.22
14/03/2012,115.06
15/03/2012,113.39
16/03/2012,115.54
19/03/2012,115.54
20/03/2012,113.95
21/03/2012,114.08
22/03/2012,112.99
23/03/2012,114.73
26/03/2012,115.47
27/03/2012,115.3
28/03/2012,114.06
29/03/2012,112.09
30/03/2012,112.36
02/04/2012,114.22
03/04/2012,113.38
04/04/2012,113.38
05/04/2012,113.38
09/04/2012,111.4
10/04/2012,109.67
11/04/2012,110.44
12/04/2012,111.83
13/04/2012,111.83
16/04/2012,109.89
17/04/2012,110.15
18/04/2012,110.15
19/04/2012,109.75
20/04/2012,110.48
23/04/2012,109.75
24/04/2012,109.96
25/04/2012,109.47
26/04/2012,111.5
27/04/2012,110.99
30/04/2012,110.99
01/05/2012,110.81
02/05/2012,112.01
03/05/2012,110.53
04/05/2012,106.71
07/05/2012,106.71
08/05/2012,105.53
09/05/2012,105.53
10/05/2012,105
11/05/2012,104.19
14/05/2012,102.81
15/05/2012,102.51
16/05/2012,101.94
17/05/2012,100.74
18/05/2012,100.4
21/05/2012,101.42
22/05/2012,101.04
23/05/2012,98.72
24/05/2012,99.25
25/05/2012,100.11
28/05/2012,100.77
29/05/2012,99.86
30/05/2012,96.63
31/05/2012,95.35
01/06/2012,90.88
04/06/2012,95.32
05/06/2012,90.88
06/06/2012,93.14
07/06/2012,93.14
08/06/2012,91.79
11/06/2012,90.41
12/06/2012,90.76
13/06/2012,90.61
14/06/2012,91.72
15/06/2012,91.94
18/06/2012,90.39
19/06/2012,90.8
20/06/2012,88.01
21/06/2012,84.67
22/06/2012,85.68
25/06/2012,85.25
26/06/2012,86.12
27/06/2012,87.3
28/06/2012,85.62
29/06/2012,90.53
02/07/2012,88.94
03/07/2012,92.88
04/07/2012,92.88
05/07/2012,93
06/07/2012,90.2
09/07/2012,91.8
10/07/2012,90.44
11/07/2012,92.05
12/07/2012,92.18
13/07/2012,94.08
16/07/2012,95.67
17/07/2012,96.23
18/07/2012,97.27
19/07/2012,99.75
20/07/2012,98.76
23/07/2012,94.98
24/07/2012,95.33
25/07/2012,95.74
26/07/2012,96.91
27/07/2012,98.04
30/07/2012,97.69
31/07/2012,96.06
01/08/2012,96.42
02/08/2012,96.11
03/08/2012,98.99
06/08/2012,99.48
07/08/2012,101.25
08/08/2012,101.64
09/08/2012,101.64
10/08/2012,101.64
13/08/2012,101.95
14/08/2012,102.14
15/08/2012,103.43
16/08/2012,104.01
17/08/2012,103.65
20/08/2012,103.65
21/08/2012,104.07
22/08/2012,104.37
23/08/2012,104.49
24/08/2012,103.3
27/08/2012,103.3
28/08/2012,102.47
29/08/2012,102.24
30/08/2012,102.24
31/08/2012,103.67
03/09/2012,103.67
04/09/2012,103.55
05/09/2012,103.05
06/09/2012,103.22
07/09/2012,104.04
10/09/2012,104.29
11/09/2012,104.9
12/09/2012,105.36
13/09/2012,105.97
14/09/2012,107.01
17/09/2012,104.55
18/09/2012,102.8
19/09/2012,99.16
20/09/2012,100.6
21/09/2012,101.47
24/09/2012,100.2
25/09/2012,100.06
26/09/2012,98.68
27/09/2012,101.28
28/09/2012,101.05
01/10/2012,102.13
02/10/2012,102.13
03/10/2012,101.7
04/10/2012,101
05/10/2012,100.5
08/10/2012,100.03
09/10/2012,102.23
10/10/2012,102.68
11/10/2012,103.22
12/10/2012,103.22
15/10/2012,102.23
16/10/2012,102.14
17/10/2012,101.25
18/10/2012,101.25
19/10/2012,101.25
22/10/2012,101.11
23/10/2012,98.53
24/10/2012,96.12
25/10/2012,96.54
26/10/2012,96.54
29/10/2012,96.3
30/10/2012,95.92
31/10/2012,95.92
01/11/2012,95.92
02/11/2012,93.45
05/11/2012,93.71
06/11/2012,96.42
07/11/2012,93.99
08/11/2012,93.76
09/11/2012,95.24
12/11/2012,95.63
13/11/2012,95.63
14/11/2012,95.95
15/11/2012,95.83
16/11/2012,95.83
19/11/2012,95.65
20/11/2012,91.3
21/11/2012,91.66
22/11/2012,91.66
23/11/2012,91.66
26/11/2012,96.23
27/11/2012,94.44
28/11/2012,94.56
29/11/2012,96.52
30/11/2012,97.07
03/12/2012,97.37
04/12/2012,95.31
05/12/2012,96.1
06/12/2012,94.35
07/12/2012,93.34
10/12/2012,93.68
11/12/2012,93.65
12/12/2012,93.65
13/12/2012,94.35
14/12/2012,94.82
17/12/2012,94.93
18/12/2012,95.72
19/12/2012,96.41
20/12/2012,96.7
21/12/2012,96.7
24/12/2012,95.87
26/12/2012,95.46
27/12/2012,95.46
28/12/2012,96.83
31/12/2012,96.49
02/01/2013,99.61
03/01/2013,100.84
04/01/2013,99.9
07/01/2013,99.65
08/01/2013,99.22
09/01/2013,98.84
10/01/2013,99.08
11/01/2013,97.53
14/01/2013,98.51
15/01/2013,99.17
16/01/2013,99.17
17/01/2013,101.49
18/01/2013,102.4
21/01/2013,102.4
22/01/2013,103.24
23/01/2013,102.36
24/01/2013,100.7
25/01/2013,100.93
28/01/2013,104.43
29/01/2013,105.67
30/01/2013,106.23
31/01/2013,106.23
01/02/2013,106.23
04/02/2013,109.98
05/02/2013,109.1
06/02/2013,108.86
07/02/2013,108.68
08/02/2013,109.59
11/02/2013,109.59
12/02/2013,109.59
13/02/2013,110.41
14/02/2013,110.41
15/02/2013,109.06
18/02/2013,109.06
19/02/2013,109.06
20/02/2013,107.23
21/02/2013,105.54
22/02/2013,105.62
25/02/2013,106.07
26/02/2013,106.06
27/02/2013,106.48
28/02/2013,105.59
01/03/2013,103.09
04/03/2013,102.52
05/03/2013,103.78
06/03/2013,103.65
07/03/2013,104.08
08/03/2013,103.69
11/03/2013,103.69
12/03/2013,104.03
13/03/2013,103.3
14/03/2013,104.02
15/03/2013,104.8
18/03/2013,104.87
19/03/2013,103.63
20/03/2013,103.86
21/03/2013,102.79
22/03/2013,103.07
25/03/2013,103.53
26/03/2013,104.61
27/03/2013,104.6
28/03/2013,105.28
01/04/2013,105.28
02/04/2013,105.07
03/04/2013,102.64
04/04/2013,101.15
05/04/2013,100.28
08/04/2013,100.57
09/04/2013,101.37
10/04/2013,101.38
11/04/2013,100.49
12/04/2013,98.55
15/04/2013,96.37
16/04/2013,95.9
17/04/2013,94.36
18/04/2013,95.53
19/04/2013,95.52
22/04/2013,96.3
23/04/2013,96.19
24/04/2013,97.61
25/04/2013,98.99
26/04/2013,99.42
29/04/2013,100.01
30/04/2013,99.16
01/05/2013,99.18
02/05/2013,97.93
03/05/2013,99.86
06/05/2013,99.86
07/05/2013,100.18
08/05/2013,99.69
09/05/2013,99.4
10/05/2013,99.4
13/05/2013,97.8
14/05/2013,97.74
15/05/2013,97.74
16/05/2013,99.03
17/05/2013,99.49
20/05/2013,99.77
21/05/2013,98.83
22/05/2013,97.6
23/05/2013,97.13
24/05/2013,97.13
27/05/2013,97.13
28/05/2013,98.82
29/05/2013,97.32
30/05/2013,97.1
31/05/2013,95.58
03/06/2013,95.14
04/06/2013,95.54
05/06/2013,95.97
06/06/2013,96.15
07/06/2013,97.11
10/06/2013,96.71
11/06/2013,95.91
12/06/2013,96.81
13/06/2013,97.49
14/06/2013,98.56
17/06/2013,98.46
18/06/2013,98.62
19/06/2013,98.5
20/06/2013,95.54
21/06/2013,94.53
24/06/2013,94.71
25/06/2013,95.33
26/06/2013,95.28
27/06/2013,96.44
28/06/2013,96.3
01/07/2013,96.23
02/07/2013,96.88
03/07/2013,98.22
04/07/2013,98.22
05/07/2013,99.53
08/07/2013,99.67
09/07/2013,100.13
10/07/2013,101.16
11/07/2013,100.65
12/07/2013,101.46
15/07/2013,101.59
16/07/2013,101.39
17/07/2013,102.07
18/07/2013,102.65
19/07/2013,102.5
22/07/2013,102.5
23/07/2013,101.97
24/07/2013,100.86
25/07/2013,101.2
26/07/2013,101.2
29/07/2013,100.91
30/07/2013,100.1
31/07/2013,100.87
01/08/2013,101.4
02/08/2013,100.78
05/08/2013,100.61
06/08/2013,99.72
07/08/2013,99.11
08/08/2013,99.11
09/08/2013,99.11
12/08/2013,100.28
13/08/2013,101
14/08/2013,101.05
15/08/2013,101.67
16/08/2013,101.79
19/08/2013,101.14
20/08/2013,100.25
21/08/2013,99.79
22/08/2013,100.2
23/08/2013,101.02
26/08/2013,101.02
27/08/2013,103.53
28/08/2013,104.61
29/08/2013,103.89
30/08/2013,102.98
02/09/2013,102.98
03/09/2013,102.98
04/09/2013,102.46
05/09/2013,103
06/09/2013,104.43
09/09/2013,103
10/09/2013,100.94
11/09/2013,100.78
12/09/2013,101.54
13/09/2013,101.54
16/09/2013,101.53
17/09/2013,100.78
18/09/2013,100.59
19/09/2013,99.56
20/09/2013,99.01
23/09/2013,97.88
24/09/2013,97.76
25/09/2013,97.6
26/09/2013,98.29
27/09/2013,98.36
30/09/2013,97.94
01/10/2013,96.4
02/10/2013,97.97
03/10/2013,97.12
04/10/2013,97.26
07/10/2013,96.97
08/10/2013,97.05
09/10/2013,95.48
10/10/2013,96.63
11/10/2013,96.13
14/10/2013,96.03
15/10/2013,96.03
16/10/2013,95.86
17/10/2013,94.25
18/10/2013,94.68
21/10/2013,93.57
22/10/2013,92.95
23/10/2013,92.36
24/10/2013,92.57
25/10/2013,92.57
28/10/2013,93.96
29/10/2013,93.04
30/10/2013,92.67
31/10/2013,92.21
01/11/2013,89.69
04/11/2013,89.47
05/11/2013,88.74
06/11/2013,89.09
07/11/2013,88.58
08/11/2013,89.23
11/11/2013,90.02
12/11/2013,88.7
13/11/2013,88.89
14/11/2013,89.24
15/11/2013,89.24
18/11/2013,89.17
19/11/2013,89.13
20/11/2013,89.48
21/11/2013,90.64
22/11/2013,90.83
25/11/2013,90.28
26/11/2013,90.54
27/11/2013,89.56
28/11/2013,89.56
29/11/2013,89.56
02/12/2013,89.85
03/12/2013,91.33
04/12/2013,92.53
05/12/2013,92.39
06/12/2013,92.45
09/12/2013,91.62
10/12/2013,91.89
11/12/2013,91.46
12/12/2013,91.46
13/12/2013,90.63
16/12/2013,91.82
17/12/2013,91.26
18/12/2013,92.54
19/12/2013,93.43
20/12/2013,93.89
23/12/2013,93.31
24/12/2013,93.6
26/12/2013,93.6
27/12/2013,94.37
30/12/2013,93.2
31/12/2013,93.2
02/01/2014,93.2
03/01/2014,89.4
06/01/2014,89.21
07/01/2014,89.37
08/01/2014,88.66
09/01/2014,88.66
10/01/2014,88.54
13/01/2014,88.52
14/01/2014,89.07
15/01/2014,91.03
16/01/2014,90.52
17/01/2014,90.2
20/01/2014,90.2
21/01/2014,90.99
22/01/2014,92.19
23/01/2014,91.9
24/01/2014,91.9
27/01/2014,91.38
28/01/2014,89.7
29/01/2014,90.93
30/01/2014,91.01
31/01/2014,91.53
03/02/2014,91.53
04/02/2014,91.34
05/02/2014,91.94
06/02/2014,93.23
07/02/2014,94.72
10/02/2014,94.72
11/02/2014,94.17
12/02/2014,94.17
13/02/2014,94.3
14/02/2014,94.28
17/02/2014,91.68
18/02/2014,95.47
19/02/2014,95.6
20/02/2014,95
21/02/2014,94.38
24/02/2014,94.77
25/02/2014,94.15
26/02/2014,95.2
27/02/2014,94.89
28/02/2014,95.18
03/03/2014,97.84
04/03/2014,96.27
05/03/2014,96.27
06/03/2014,94.48
07/03/2014,95.12
10/03/2014,94.16
11/03/2014,93.56
12/03/2014,92.77
13/03/2014,92.4
14/03/2014,92.4
17/03/2014,92.4
18/03/2014,92.4
19/03/2014,91.46
20/03/2014,90.59
21/03/2014,91.76
24/03/2014,92.39
25/03/2014,92.93
26/03/2014,92.5
27/03/2014,93.48
28/03/2014,93.34
31/03/2014,92.6
01/04/2014,92.72
02/04/2014,92.14
03/04/2014,93.25
04/04/2014,94.37
07/04/2014,93.55
08/04/2014,95.22
09/04/2014,96.31
10/04/2014,95.97
11/04/2014,95.7
14/04/2014,96.18
15/04/2014,96.52
16/04/2014,97.03
17/04/2014,97.03
21/04/2014,96.97
22/04/2014,95.86
23/04/2014,95.77
24/04/2014,96.37
25/04/2014,95.53
28/04/2014,95.89
29/04/2014,96.66
30/04/2014,94.84
02/05/2014,96.16
05/05/2014,96.16
06/05/2014,95.71
07/05/2014,96.45
08/05/2014,96.38
09/05/2014,96.31
12/05/2014,96.47
13/05/2014,96.47
14/05/2014,97.64
15/05/2014,97.48
16/05/2014,98
19/05/2014,98.16
20/05/2014,98.22
21/05/2014,99.02
22/05/2014,99.02
23/05/2014,99.03
26/05/2014,98.97
27/05/2014,98.87
28/05/2014,98.15
29/05/2014,98.57
30/05/2014,97.88
02/06/2014,97.54
03/06/2014,97.71
04/06/2014,97.82
05/06/2014,97.72
06/06/2014,97.91
09/06/2014,99.07
10/06/2014,99.06
11/06/2014,99.38
12/06/2014,101.13
13/06/2014,101.6
16/06/2014,101.69
17/06/2014,101.23
18/06/2014,102.12
19/06/2014,102.12
20/06/2014,102.41
23/06/2014,101.66
24/06/2014,101.75
25/06/2014,101.38
26/06/2014,100.97
27/06/2014,100.8
30/06/2014,99.62
01/07/2014,98.5
02/07/2014,97.44
03/07/2014,96.65
04/07/2014,96.65
07/07/2014,96.04
08/07/2014,95.59
09/07/2014,94.9
10/07/2014,94.95
11/07/2014,93.77
14/07/2014,93.26
15/07/2014,93.16
16/07/2014,94.53
17/07/2014,96.24
18/07/2014,96.14
21/07/2014,96.76
22/07/2014,95.98
23/07/2014,95.98
24/07/2014,95.61
25/07/2014,95.75
28/07/2014,95.75
29/07/2014,95.74
30/07/2014,94.98
31/07/2014,93.61
01/08/2014,93.27
04/08/2014,94.15
05/08/2014,93.36
06/08/2014,93.47
07/08/2014,93.55
08/08/2014,93.4
11/08/2014,93.58
12/08/2014,92.47
13/08/2014,92.06
14/08/2014,91.56
15/08/2014,91.85
18/08/2014,90.06
19/08/2014,90.62
20/08/2014,91.22
21/08/2014,91.47
22/08/2014,90.92
25/08/2014,90.92
26/08/2014,91.22
27/08/2014,92.19
28/08/2014,92.52
29/08/2014,92.75
01/09/2014,92.75
02/09/2014,90.82
03/09/2014,92.59
04/09/2014,92.59
05/09/2014,92.29
08/09/2014,90.53
09/09/2014,90.05
10/09/2014,88.67
11/09/2014,89.14
12/09/2014,88.37
15/09/2014,88.37
16/09/2014,88.23
17/09/2014,88.49
18/09/2014,88.5
19/09/2014,88.4
22/09/2014,87.49
23/09/2014,88.3
24/09/2014,88.77
25/09/2014,88.89
26/09/2014,89.08
29/09/2014,89.75
30/09/2014,87.51
01/10/2014,86.31
02/10/2014,85.35
03/10/2014,84.15
06/10/2014,84.15
07/10/2014,83.41
08/10/2014,82.53
09/10/2014,81.12
10/10/2014,80.88
13/10/2014,80.18
14/10/2014,77.09
15/10/2014,75.69
16/10/2014,76.7
17/10/2014,77.68
20/10/2014,77
21/10/2014,77.63
22/10/2014,77.63
23/10/2014,77.8
24/10/2014,78.15
27/10/2014,78.31
28/10/2014,77.19
29/10/2014,78.31
30/10/2014,77.3
31/10/2014,76.98
03/11/2014,75.65
04/11/2014,74.09
05/11/2014,75.11
06/11/2014,74.42
07/11/2014,75.19
10/11/2014,74.2
11/11/2014,73.74
12/11/2014,73.12
13/11/2014,70.6
14/11/2014,71.16
17/11/2014,70.3
18/11/2014,70.3
19/11/2014,70.2
20/11/2014,70.92
21/11/2014,71.97
24/11/2014,71.68
25/11/2014,69.94
26/11/2014,69.77
27/11/2014,69.77
28/11/2014,69.77
01/12/2014,62.26
02/12/2014,61.07
03/12/2014,60.67
04/12/2014,59.73
05/12/2014,58.98
08/12/2014,56.7
09/12/2014,57.14
10/12/2014,54.4
11/12/2014,53.72
12/12/2014,51.62
15/12/2014,50.26
16/12/2014,49.46
17/12/2014,49.22
18/12/2014,48.43
19/12/2014,49.85
22/12/2014,48.2
23/12/2014,49.48
24/12/2014,48.4
26/12/2014,48.4
29/12/2014,47.04
30/12/2014,46.27
31/12/2014,45.45
02/01/2015,44.81
05/01/2015,41.52
06/01/2015,39.94
07/01/2015,40.07
08/01/2015,40.47
09/01/2015,39.7
12/01/2015,38.11
13/01/2015,37.36
14/01/2015,38.48
15/01/2015,38.52
16/01/2015,39.12
19/01/2015,39.12
20/01/2015,38.07
21/01/2015,38.43
22/01/2015,38.18
23/01/2015,38.03
26/01/2015,37.77
27/01/2015,38.59
28/01/2015,38.45
29/01/2015,38.42
30/01/2015,40.4
02/02/2015,43.57
03/02/2015,46.31
04/02/2015,44.9
05/02/2015,46.1
06/02/2015,47.52
09/02/2015,48.01
10/02/2015,46.57
11/02/2015,45.37
12/02/2015,47.62
13/02/2015,49.97
16/02/2015,49.97
17/02/2015,50.57
18/02/2015,49.57
19/02/2015,49.57
20/02/2015,49.57
23/02/2015,47.27
24/02/2015,47.19
25/02/2015,47.97
26/02/2015,48.25
27/02/2015,49.51
02/03/2015,49.42
03/03/2015,50.02
04/03/2015,49.41
05/03/2015,49.4
06/03/2015,48.56
09/03/2015,47.95
10/03/2015,45.96
11/03/2015,46.47
12/03/2015,46.44
13/03/2015,44.31
16/03/2015,42.84
17/03/2015,42.45
18/03/2015,43.84
19/03/2015,43.87
20/03/2015,44.46
23/03/2015,45.24
24/03/2015,45.23
25/03/2015,45.77
26/03/2015,48.76
27/03/2015,46.91
30/03/2015,45.94
31/03/2015,45.15
01/04/2015,48.06
02/04/2015,47.36
06/04/2015,47.36
07/04/2015,50.67
08/04/2015,48.64
09/04/2015,48.76
10/04/2015,49.69
13/04/2015,50.18
14/04/2015,50.87
15/04/2015,52.8
16/04/2015,53.85
17/04/2015,53.89
20/04/2015,53.85
21/04/2015,52.93
22/04/2015,52.8
23/04/2015,54.28
24/04/2015,54.65
27/04/2015,55.1
28/04/2015,54.9
29/04/2015,56.01
30/04/2015,57.01
01/05/2015,57.01
04/05/2015,57.01
05/05/2015,58.85
06/05/2015,59.45
07/05/2015,57.56
08/05/2015,57.27
11/05/2015,56.92
12/05/2015,58.28
13/05/2015,58.51
14/05/2015,57.87
15/05/2015,57.73
18/05/2015,57.63
19/05/2015,55.59
20/05/2015,56.09
21/05/2015,57.86
22/05/2015,57.12
26/05/2015,55.39
27/05/2015,54.96
28/05/2015,54.78
29/05/2015,57.2
01/06/2015,57.2
02/06/2015,58.19
03/06/2015,56.55
04/06/2015,54.78
05/06/2015,55.15
08/06/2015,55.14
09/06/2015,56.99
10/06/2015,58.04
11/06/2015,57.47
12/06/2015,56.81
15/06/2015,56.07
16/06/2015,56.21
17/06/2015,56.32
18/06/2015,56.85
19/06/2015,55.98
22/06/2015,55.85
23/06/2015,56.89
24/06/2015,56.41
25/06/2015,55.58
26/06/2015,55.6
29/06/2015,54.63
30/06/2015,55.68
01/07/2015,55.32
02/07/2015,55.35
03/07/2015,55.35
06/07/2015,50.74
07/07/2015,50.11
08/07/2015,49.95
09/07/2015,51.58
10/07/2015,51.37
13/07/2015,51.12
14/07/2015,51.15
15/07/2015,50.46
16/07/2015,50.12
17/07/2015,50.12
20/07/2015,49.32
21/07/2015,49.28
22/07/2015,48.61
23/07/2015,48.6
24/07/2015,47.18
27/07/2015,46.49
28/07/2015,46.57
29/07/2015,47.13
30/07/2015,46.97
31/07/2015,45.63
03/08/2015,41.28
04/08/2015,41.46
05/08/2015,41.45
06/08/2015,40.77
07/08/2015,40.77
10/08/2015,40.77
11/08/2015,40.37
12/08/2015,40.48
13/08/2015,40.2
14/08/2015,39.69
17/08/2015,39.32
18/08/2015,39.24
19/08/2015,38.15
20/08/2015,37.5
21/08/2015,36.24
24/08/2015,33.71
25/08/2015,34.16
26/08/2015,34.03
27/08/2015,36.96
28/08/2015,40.45
31/08/2015,40.45
01/09/2015,41.3
02/09/2015,40.66
03/09/2015,42.34
04/09/2015,41.11
07/09/2015,41.11
08/09/2015,40.3
09/09/2015,39.5
10/09/2015,39.55
11/09/2015,39.55
14/09/2015,37.96
15/09/2015,37.93
16/09/2015,40.29
17/09/2015,39.87
18/09/2015,38.59
21/09/2015,39.07
22/09/2015,38.82
23/09/2015,38.91
24/09/2015,38.91
25/09/2015,38.87
28/09/2015,37.96
29/09/2015,38.53
30/09/2015,38.5
01/10/2015,39.03
02/10/2015,38.76
05/10/2015,40.23
06/10/2015,41.95
07/10/2015,42.2
08/10/2015,43.1
09/10/2015,43.06
12/10/2015,41.52
13/10/2015,40.4
14/10/2015,39.79
15/10/2015,39.63
16/10/2015,40.27
19/10/2015,39.01
20/10/2015,38.68
21/10/2015,38.18
22/10/2015,38.09
23/10/2015,38.01
26/10/2015,37.85
27/10/2015,37.07
28/10/2015,39.05
29/10/2015,39.18
30/10/2015,39.32
02/11/2015,38.66
03/11/2015,39.54
04/11/2015,38.75
05/11/2015,37.99
06/11/2015,37.36
09/11/2015,36.91
10/11/2015,36.91
11/11/2015,35.98
12/11/2015,34.62
13/11/2015,33.91
20/11/2015,33.38
25/11/2015,34.86
26/11/2015,34.86
27/11/2015,34.28
30/11/2015,34.28
01/12/2015,33.75
02/12/2015,32.3
03/12/2015,32.67
04/12/2015,32.06
07/12/2015,29.91
08/12/2015,29.65
09/12/2015,29.37
10/12/2015,29.04
11/12/2015,27.74
14/12/2015,27.63
15/12/2015,28.34
16/12/2015,27.27
17/12/2015,26.93
18/12/2015,27.08
21/12/2015,26.54
22/12/2015,26.7
23/12/2015,27.56
24/12/2015,28.11
28/12/2015,27.8
29/12/2015,27.8
30/12/2015,26.93
31/12/2015,27.37
04/01/2016,27.04
05/01/2016,26.26
06/01/2016,24.75
07/01/2016,24.11
08/01/2016,23.65
11/01/2016,22.07
12/01/2016,21.5
13/01/2016,21.38
14/01/2016,21.7
15/01/2016,20.7
18/01/2016,20.7
19/01/2016,20.02
20/01/2016,18.9
21/01/2016,20.32
22/01/2016,22.77
25/01/2016,21.87
26/01/2016,22.55
27/01/2016,23.38
28/01/2016,25.04
29/01/2016,25.53
01/02/2016,25.82
02/02/2016,24.47
03/02/2016,26.15
04/02/2016,26.34
05/02/2016,25.73
08/02/2016,24.73
09/02/2016,23.84
10/02/2016,22.84
11/02/2016,22.08
12/02/2016,24.11
15/02/2016,24.11
16/02/2016,24.56
17/02/2016,25.61
18/02/2016,25.92
19/02/2016,24.94
22/02/2016,26.34
23/02/2016,24.96
24/02/2016,24.95
25/02/2016,26.01
26/02/2016,27.01
29/02/2016,27.14
01/03/2016,27.67
02/03/2016,28.02
03/03/2016,27.86
04/03/2016,29.05
07/03/2016,30.93
08/03/2016,30.4
09/03/2016,31.43
10/03/2016,30.84
11/03/2016,31.32
14/03/2016,30.28
15/03/2016,29.38
16/03/2016,30.74
17/03/2016,32.04
18/03/2016,31.76
21/03/2016,32.09
22/03/2016,32.16
23/03/2016,31.1
24/03/2016,30.8
28/03/2016,30.8
29/03/2016,30.27
30/03/2016,30.74
31/03/2016,30.75
01/04/2016,28.96
04/04/2016,27.92
05/04/2016,27.62
06/04/2016,28.99
07/04/2016,29.04
08/04/2016,31.13
11/04/2016,32.09
12/04/2016,33.5
13/04/2016,33.38
14/04/2016,33.14
15/04/2016,32.24
18/04/2016,31.63
19/04/2016,32.92
20/04/2016,33.91
21/04/2016,34.26
22/04/2016,34.49
25/04/2016,33.87
26/04/2016,35.15
27/04/2016,36.33
28/04/2016,37.2
29/04/2016,37.58
02/05/2016,37.58
03/05/2016,35.6
04/05/2016,35.22
05/05/2016,35.83
06/05/2016,36.06
09/05/2016,34.89
10/05/2016,35.92
11/05/2016,37.62
12/05/2016,38.52
13/05/2016,38.65
16/05/2016,39.87
17/05/2016,40.2
18/05/2016,40.03
19/05/2016,39.11
20/05/2016,39.59
23/05/2016,39.19
24/05/2016,39.62
25/05/2016,40.42
26/05/2016,40.47
27/05/2016,40.2
31/05/2016,40.26
01/06/2016,40.09
02/06/2016,40.24
03/06/2016,40.14
06/06/2016,40.81
07/06/2016,41.52
08/06/2016,42.37
09/06/2016,42.22
10/06/2016,41.13
13/06/2016,40.77
14/06/2016,40.06
15/06/2016,39.66
16/06/2016,38.03
17/06/2016,39.28
20/06/2016,40.9
21/06/2016,40.76
22/06/2016,40.83
23/06/2016,41.27
24/06/2016,39.48
27/06/2016,38.62
28/06/2016,39.67
29/06/2016,41.51
30/06/2016,41
01/07/2016,42.03
04/07/2016,42.03
05/07/2016,39.97
06/07/2016,39.97
07/07/2016,39.57
08/07/2016,39.05
11/07/2016,38.73
12/07/2016,40.23
13/07/2016,38.96
14/07/2016,39.92
15/07/2016,40.17
18/07/2016,39.56
19/07/2016,39.15
20/07/2016,39.43
21/07/2016,38.86
22/07/2016,37.97
25/07/2016,37.2
26/07/2016,37.17
27/07/2016,36.51
28/07/2016,35.96
29/07/2016,35.92
01/08/2016,34.17
02/08/2016,33.62
03/08/2016,34.19
04/08/2016,35.31
05/08/2016,35.44
08/08/2016,36.65
09/08/2016,36.65
10/08/2016,35.89
11/08/2016,36.97
12/08/2016,38.22
15/08/2016,39.54
16/08/2016,40.44
17/08/2016,40.94
18/08/2016,42.13
19/08/2016,42.32
22/08/2016,41.22
23/08/2016,41.27
24/08/2016,40.46
25/08/2016,40.9
26/08/2016,41.45
29/08/2016,41.45
30/08/2016,40.35
31/08/2016,38.96
01/09/2016,36.21
02/09/2016,36.82
06/09/2016,37.24
07/09/2016,37.81
08/09/2016,39.79
09/09/2016,39.02
12/09/2016,39.02
13/09/2016,37.7
14/09/2016,37.07
15/09/2016,37.1
16/09/2016,36.66
19/09/2016,37.07
20/09/2016,36.75
21/09/2016,37.87
22/09/2016,38.67
23/09/2016,37.9
26/09/2016,38.15
27/09/2016,37.04
28/09/2016,37.77
29/09/2016,39.69
30/09/2016,39.83
03/10/2016,39.71
04/10/2016,40.15
05/10/2016,41.12
06/10/2016,41.65
07/10/2016,41.86
10/10/2016,42.5
11/10/2016,42.02
12/10/2016,41.5
13/10/2016,41.47
14/10/2016,41.57
17/10/2016,41.39
18/10/2016,41.58
19/10/2016,42.86
20/10/2016,41.81
21/10/2016,41.89
24/10/2016,41.62
25/10/2016,41.22
26/10/2016,40.58
27/10/2016,40.9
28/10/2016,40.51
31/10/2016,38.81
01/11/2016,38.55
02/11/2016,37.32
03/11/2016,37
04/11/2016,36.57
07/11/2016,37.06
08/11/2016,37.24
09/11/2016,37.25
10/11/2016,37.19
11/11/2016,35.92
14/11/2016,35.49
15/11/2016,37.22
16/11/2016,37.66
17/11/2016,37.52
18/11/2016,37.4
21/11/2016,39.44
22/11/2016,39.57
23/11/2016,39.87
24/11/2016,39.87
25/11/2016,38.19
28/11/2016,39.51
29/11/2016,38.17
30/11/2016,40.94
01/12/2016,43.12
02/12/2016,43.68
05/12/2016,44.57
06/12/2016,44.08
07/12/2016,43.32
08/12/2016,43.81
09/12/2016,44.28
12/12/2016,45.82
13/12/2016,45.7
14/12/2016,44.8
15/12/2016,44
16/12/2016,45.08
19/12/2016,44.94
20/12/2016,45.1
21/12/2016,44.7
22/12/2016,44.92
23/12/2016,44.69
27/12/2016,44.69
28/12/2016,46.53
29/12/2016,46.38
30/12/2016,46.3
03/01/2017,45.75
04/01/2017,46.16
05/01/2017,46.69
06/01/2017,46.96
09/01/2017,45.2
10/01/2017,44.05
11/01/2017,44.94
12/01/2017,45.99
13/01/2017,45.7
16/01/2017,45.7
17/01/2017,45.88
18/01/2017,44.77
19/01/2017,44.33
20/01/2017,45.56
23/01/2017,45.36
24/01/2017,45.4
25/01/2017,45.17
26/01/2017,46.19
27/01/2017,45.41
30/01/2017,44.98
31/01/2017,45.18
01/02/2017,45.23
02/02/2017,45.6
03/02/2017,46.1
07/02/2017,44.5
08/02/2017,44.72
09/02/2017,45.14
10/02/2017,46.14
13/02/2017,45.36
14/02/2017,45.71
15/02/2017,45.51
16/02/2017,45.34
17/02/2017,45.3
21/02/2017,46.03
22/02/2017,45.17
23/02/2017,46
24/02/2017,45.75
27/02/2017,45.82
28/02/2017,46.02
01/03/2017,46.33
02/03/2017,45.19
03/03/2017,45.43
06/03/2017,45.52
07/03/2017,45.56
08/03/2017,43.79
09/03/2017,42.03
10/03/2017,41.47
13/03/2017,41.04
14/03/2017,40.29
15/03/2017,41.24
16/03/2017,41.37
17/03/2017,41.35
20/03/2017,41.37
21/03/2017,40.47
22/03/2017,40.11
23/03/2017,40.1
24/03/2017,40.13
27/03/2017,40.22
28/03/2017,40.94
29/03/2017,41.88
30/03/2017,42.63
31/03/2017,42.6
03/04/2017,43.5
04/04/2017,44.32
05/04/2017,44.6
06/04/2017,45.08
07/04/2017,45.6
10/04/2017,46.24
11/04/2017,46.27
12/04/2017,46.3
17/04/2017,46.37
18/04/2017,45.61
19/04/2017,44.29
20/04/2017,43.63
21/04/2017,42.73
24/04/2017,42.45
25/04/2017,42.62
26/04/2017,43.06
27/04/2017,42.45
28/04/2017,42.74
02/05/2017,43.22
03/05/2017,42.99
04/05/2017,41.42
05/05/2017,41.9
08/05/2017,41.81
09/05/2017,41.53
10/05/2017,43.24
11/05/2017,43.59
12/05/2017,43.52
15/05/2017,44.84
16/05/2017,44.67
17/05/2017,44.94
18/05/2017,45.27
19/05/2017,46.19
22/05/2017,46.51
23/05/2017,46.71
24/05/2017,46.84
25/05/2017,45.17
26/05/2017,45.02
29/05/2017,43.53
30/05/2017,44.87
31/05/2017,43.67
01/06/2017,44.3
02/06/2017,43.26
05/06/2017,42.94
06/06/2017,43.23
07/06/2017,41.94
08/06/2017,41.77
09/06/2017,41.83
12/06/2017,42.09
13/06/2017,42.29
14/06/2017,40.98
15/06/2017,40.62
16/06/2017,40.85
19/06/2017,40.68
20/06/2017,39.79
21/06/2017,39.2
22/06/2017,39.38
23/06/2017,39.65
26/06/2017,39.91
27/06/2017,40.85
28/06/2017,41.38
29/06/2017,41.82
30/06/2017,42.68
03/07/2017,42.68
05/07/2017,42.71
06/07/2017,42.9
07/07/2017,41.48
10/07/2017,41.64
11/07/2017,41.94
12/07/2017,42.59
13/07/2017,43.15
14/07/2017,43.74
17/07/2017,43.55
18/07/2017,43.54
19/07/2017,44.29
20/07/2017,43.99
21/07/2017,43.32
24/07/2017,43.37
25/07/2017,44.69
26/07/2017,45.56
27/07/2017,45.98
28/07/2017,46.61
31/07/2017,46.8
01/08/2017,46
02/08/2017,46.18
03/08/2017,46.29
04/08/2017,46.28
07/08/2017,46.17
08/08/2017,46.54
09/08/2017,46.73
10/08/2017,46.4
11/08/2017,45.74
14/08/2017,45.27
15/08/2017,44.54
16/08/2017,44.41
17/08/2017,44.25
18/08/2017,45.3
21/08/2017,45.4
22/08/2017,45.36
23/08/2017,45.64
24/08/2017,45.5
25/08/2017,45.75
28/08/2017,44.09
29/08/2017,45.05
30/08/2017,44.86
31/08/2017,45.62
01/09/2017,45.69
04/09/2017,46.28
07/09/2017,46.17
08/09/2017,46.54
11/09/2017,46.72
12/09/2017,47.31
13/09/2017,48.31
14/09/2017,48.98
15/09/2017,48.85
18/09/2017,48.26
19/09/2017,47.87
20/09/2017,49.33
21/09/2017,48.91
22/09/2017,48.75
25/09/2017,50
26/09/2017,49.76
27/09/2017,49.8
28/09/2017,49.74
29/09/2017,49.02
02/10/2017,47.6
03/10/2017,47.42
04/10/2017,47.34
05/10/2017,48.23
06/10/2017,47.03
09/10/2017,47
10/10/2017,48.02
11/10/2017,48.27
12/10/2017,47.61
13/10/2017,48.6
16/10/2017,49.33
17/10/2017,49.25
18/10/2017,49.31
19/10/2017,48.98
20/10/2017,49.11
23/10/2017,49.31
24/10/2017,49.36
25/10/2017,49.64
26/10/2017,50.15
27/10/2017,51.56
30/10/2017,52.12
31/10/2017,52.72
01/11/2017,52.33
03/11/2017,52.74
06/11/2017,54.68
07/11/2017,54.71
08/11/2017,54.53
09/11/2017,54.82
10/11/2017,54.66
13/11/2017,54.03
14/11/2017,52.74
15/11/2017,52.62
16/11/2017,52.51
17/11/2017,53.19
20/11/2017,52.87
21/11/2017,53.12
22/11/2017,53.62
24/11/2017,54.55
27/11/2017,53.86
28/11/2017,53.91
29/11/2017,53.53
30/11/2017,53.59
01/12/2017,54.4
04/12/2017,53.42
05/12/2017,53.24
06/12/2017,51.84
07/12/2017,52.13
08/12/2017,53.19
11/12/2017,54.25
13/12/2017,52.74
14/12/2017,53.07
15/12/2017,53.17
18/12/2017,53.38
19/12/2017,53.57
20/12/2017,54.43
21/12/2017,54.71
22/12/2017,54.6
26/12/2017,55.99
27/12/2017,55.74
28/12/2017,55.63
29/12/2017,56.19
02/01/2018,56.72
03/01/2018,57.67
04/01/2018,57.88
05/01/2018,57.31
08/01/2018,57.5
09/01/2018,58.18
10/01/2018,58.68
11/01/2018,59.22
12/01/2018,59.21
16/01/2018,58.6
17/01/2018,58.69
18/01/2018,59.03
19/01/2018,58.39
22/01/2018,58.47
23/01/2018,59.09
24/01/2018,59.58
25/01/2018,59.7
26/01/2018,59.75
29/01/2018,58.99
30/01/2018,58.08
31/01/2018,58.18
01/02/2018,59.44
02/02/2018,58.76
06/02/2018,57.2
07/02/2018,55.97
08/02/2018,54.94
09/02/2018,53.41
12/02/2018,53.46
13/02/2018,53.2
14/02/2018,54.03
15/02/2018,54.74
16/02/2018,54.93
20/02/2018,55.47
21/02/2018,55.4
22/02/2018,56.21
23/02/2018,56.89
26/02/2018,57.48
27/02/2018,56.84
28/02/2018,55.59
01/03/2018,54.12
02/03/2018,54.22
05/03/2018,55.46
06/03/2018,55.38
07/03/2018,54.89
08/03/2018,53.94
09/03/2018,55.15
12/03/2018,54.93
13/03/2018,54.47
14/03/2018,54.46
15/03/2018,54.65
16/03/2018,55.82
20/03/2018,55.55
21/03/2018,57.69
22/03/2018,57.44
23/03/2018,58.3
26/03/2018,58.12
27/03/2018,57.74
28/03/2018,56.9
02/04/2018,55.12
03/04/2018,55.25
04/04/2018,54.98
05/04/2018,55.39
06/04/2018,54.66
09/04/2018,55.59
10/04/2018,57.2
11/04/2018,58.74
12/04/2018,58.69
13/04/2018,59.4
16/04/2018,58.52
17/04/2018,58.68
18/04/2018,60.14
19/04/2018,60.85
20/04/2018,60.12
23/04/2018,60.33
24/04/2018,60.02
25/04/2018,60.09
26/04/2018,60.7
27/04/2018,60.89
30/04/2018,61.35
02/05/2018,60.19
03/05/2018,59.9
04/05/2018,60.64
07/05/2018,61.64
08/05/2018,60.88
09/05/2018,63.45
10/05/2018,63.45
11/05/2018,63.76
14/05/2018,64.44
15/05/2018,65.45
16/05/2018,66
17/05/2018,67.21
18/05/2018,66.83
22/05/2018,68.22
23/05/2018,66.39
24/05/2018,65.93
25/05/2018,62.99
29/05/2018,61.86
30/05/2018,62.9
31/05/2018,63.48
01/06/2018,63.97
04/06/2018,63.17
05/06/2018,63.18
06/06/2018,63.04
07/06/2018,64.9
08/06/2018,64.26
11/06/2018,64.74
12/06/2018,64.21
13/06/2018,64.17
14/06/2018,64.34
18/06/2018,63.36
19/06/2018,63.35
20/06/2018,64.78
21/06/2018,64.61
22/06/2018,67.08
25/06/2018,65.13
26/06/2018,65.33
27/06/2018,66.93
28/06/2018,67.08
29/06/2018,68.72
02/07/2018,69.2
03/07/2018,68.96
05/07/2018,68.98
06/07/2018,68.54
09/07/2018,69.02
10/07/2018,69.46
11/07/2018,65.99
12/07/2018,64.95
13/07/2018,67.67
16/07/2018,64.73
17/07/2018,63.86
18/07/2018,63.99
19/07/2018,64.32
20/07/2018,65.2
23/07/2018,64.69
24/07/2018,65.75
25/07/2018,66.01
26/07/2018,65.76
27/07/2018,65.4
30/07/2018,65.89
31/07/2018,65.09
01/08/2018,63.41
02/08/2018,63.82
03/08/2018,63.53
06/08/2018,63.74
07/08/2018,64.57
09/08/2018,62.74
10/08/2018,64.64
13/08/2018,63.02
14/08/2018,62.71
15/08/2018,60.72
16/08/2018,61.28
17/08/2018,62.08
20/08/2018,62.11
21/08/2018,62.39
22/08/2018,62.93
24/08/2018,65.52
27/08/2018,65.68
28/08/2018,65.22
29/08/2018,65.62
30/08/2018,66.45
31/08/2018,66.29
04/09/2018,66.59
05/09/2018,65.58
06/09/2018,64.72
07/09/2018,66.01
10/09/2018,66.39
11/09/2018,67.65
12/09/2018,68.56
13/09/2018,67.45
14/09/2018,67.23
18/09/2018,69.35
19/09/2018,70.2
20/09/2018,68.88
21/09/2018,69.53
24/09/2018,71.35
25/09/2018,72.4
26/09/2018,72.32
27/09/2018,73.04
28/09/2018,74.23
01/10/2018,76.34
02/10/2018,76.93
03/10/2018,77.73
04/10/2018,77.21
05/10/2018,77
08/10/2018,76.55
09/10/2018,77.36
10/10/2018,75.77
11/10/2018,73.67
12/10/2018,74.11
15/10/2018,74.28
16/10/2018,74.55
17/10/2018,73.71
18/10/2018,73.68
19/10/2018,74.17
22/10/2018,74.06
23/10/2018,71.43
24/10/2018,70.66
25/10/2018,71.4
26/10/2018,71.91
29/10/2018,71.61
30/10/2018,70.41
31/10/2018,70.17
01/11/2018,68.56
05/11/2018,67.04
06/11/2018,66.25
07/11/2018,65.82
08/11/2018,65.1
09/11/2018,64.05
12/11/2018,64.42
13/11/2018,60.53
14/11/2018,60.35
15/11/2018,60.58
16/11/2018,60.35
20/11/2018,57.65
21/11/2018,57.85
23/11/2018,54.39
26/11/2018,54.88
27/11/2018,54.68
28/11/2018,53.43
29/11/2018,53.66
30/11/2018,53.52
03/12/2018,54.09
04/12/2018,54.82
05/12/2018,54.71
06/12/2018,51.92
07/12/2018,53.99
10/12/2018,52.61
11/12/2018,52.34
12/12/2018,52
13/12/2018,52.28
14/12/2018,51.83
17/12/2018,50.75
18/12/2018,47.93
19/12/2018,48.65
20/12/2018,46.9
21/12/2018,45.95
24/12/2018,44.4
26/12/2018,49.31
27/12/2018,45.18
28/12/2018,44.69
31/12/2018,48.38
02/01/2019,43.65
03/01/2019,45.48
04/01/2019,47.02
07/01/2019,48.11
08/01/2019,48.74
09/01/2019,51.61
10/01/2019,52.4
11/01/2019,51.65
14/01/2019,50.61
15/01/2019,51.2
16/01/2019,52.06
17/01/2019,52.02
18/01/2019,54.14
21/01/2019,52.02
22/01/2019,53.45
23/01/2019,53.66
24/01/2019,53.59
25/01/2019,54.12
28/01/2019,52.18
29/01/2019,54.2
30/01/2019,55.26
31/01/2019,55.03
01/02/2019,54.71
04/02/2019,54.96
05/02/2019,54.96
06/02/2019,54.96
07/02/2019,54.1
08/02/2019,54.6
11/02/2019,54.39
12/02/2019,55.43
13/02/2019,56.58
14/02/2019,57.39
15/02/2019,58.55
19/02/2019,58.72
20/02/2019,59.68
21/02/2019,59.67
22/02/2019,59.22
25/02/2019,56.99
26/02/2019,57.31
27/02/2019,58.4
28/02/2019,58.62
01/03/2019,58.96
04/03/2019,59.48
05/03/2019,59.34
06/03/2019,58.95
07/03/2019,59.34
08/03/2019,58.49
11/03/2019,59.69
12/03/2019,59.76
13/03/2019,60.3
14/03/2019,60.4
15/03/2019,60.08
20/03/2019,60.98
21/03/2019,60.88
22/03/2019,59.68
25/03/2019,59.72
26/03/2019,60.56
27/03/2019,60.47
28/03/2019,60.05
29/03/2019,61.28
01/04/2019,62.5
02/04/2019,63.09
03/04/2019,63.04
04/04/2019,63.01
05/04/2019,63.49
08/04/2019,64.56
09/04/2019,63.84
10/04/2019,64.09
11/04/2019,63.48
12/04/2019,63.59
15/04/2019,62.97
16/04/2019,62.82
17/04/2019,63.03
23/04/2019,65.51
24/04/2019,65.47
25/04/2019,65.61
26/04/2019,63.21
29/04/2019,63.03
30/04/2019,63.62
02/05/2019,62.98
03/05/2019,63.11
07/05/2019,62.28
08/05/2019,62.76
09/05/2019,62.38
10/05/2019,62.99
13/05/2019,62.86
14/05/2019,62.59
15/05/2019,63.35
16/05/2019,64.63
17/05/2019,64.57
21/05/2019,64.08
22/05/2019,62.81
23/05/2019,59.81
24/05/2019,60.42
28/05/2019,61.58
29/05/2019,60.88
30/05/2019,59.15
31/05/2019,56.57
03/06/2019,56.54
04/06/2019,57.14
06/06/2019,56.09
07/06/2019,57.85
10/06/2019,57.33
11/06/2019,57.04
12/06/2019,54.67
13/06/2019,55.22
14/06/2019,55.49
17/06/2019,54.84
18/06/2019,56.18
19/06/2019,56.27
20/06/2019,58.46
21/06/2019,59.91
24/06/2019,59.59
25/06/2019,59.63
26/06/2019,61.16
27/06/2019,61.21
28/06/2019,61.08
01/07/2019,60.6
02/07/2019,58.69
03/07/2019,59.33
08/07/2019,60.29
09/07/2019,59.18
10/07/2019,62.32
11/07/2019,62.65
12/07/2019,61.68
16/07/2019,59.4
17/07/2019,58.21
17/07/2019,58.21
18/07/2019,56.61
19/07/2019,56.99
22/07/2019,57.54
23/07/2019,57.13
24/07/2019,56.9
25/07/2019,57.35
26/07/2019,57.53
29/07/2019,57.51
30/07/2019,58.67
31/07/2019,59.63
01/08/2019,54.01
02/08/2019,54.36
05/08/2019,52.32
06/08/2019,50.69
07/08/2019,47.36
08/08/2019,48.97
13/08/2019,50.86
14/08/2019,48.53
15/08/2019,48.13
16/08/2019,49.29
19/08/2019,49.76
20/08/2019,49.41
21/08/2019,50.06
22/08/2019,49.93
23/08/2019,49.32
27/08/2019,50.09
28/08/2019,50.73
29/08/2019,51.05
30/08/2019,49.54
03/09/2019,51.75
04/09/2019,54.7
05/09/2019,56.72
06/09/2019,57.13
09/09/2019,57.54
10/09/2019,56.13
11/09/2019,54.82
12/09/2019,55.49
13/09/2019,56.54
17/09/2019,63.66
18/09/2019,60.31
19/09/2019,61.32
20/09/2019,61.1
23/09/2019,59.65
24/09/2019,58.98
25/09/2019,59.15
26/09/2019,60.59
27/09/2019,57.58
30/09/2019,54.85
01/10/2019,50.15
02/10/2019,50.28
03/10/2019,50.83
04/10/2019,51.7
07/10/2019,51.59
08/10/2019,50.66
09/10/2019,51.06
10/10/2019,51.16
11/10/2019,50.36
14/10/2019,47.73
15/10/2019,47.37
16/10/2019,47.53
17/10/2019,46.98
18/10/2019,46.1
21/10/2019,45.63
22/10/2019,46.97
23/10/2019,47.65
24/10/2019,48.64
25/10/2019,48.73
29/10/2019,47.47
30/10/2019,47.52
31/10/2019,48.08
04/11/2019,52.51
05/11/2019,52.12
06/11/2019,51.17
07/11/2019,50.64
08/11/2019,50.22
12/11/2019,49.4
13/11/2019,49.03
14/11/2019,49
15/11/2019,50.2
19/11/2019,48.34
20/11/2019,49.58
21/11/2019,51.25
22/11/2019,50.95
25/11/2019,51.27
26/11/2019,51.68
27/11/2019,51.24
02/12/2019,50.98
03/12/2019,50.95
04/12/2019,52.78
05/12/2019,53.3
06/12/2019,54.15
09/12/2019,54.21
10/12/2019,54.33
11/12/2019,54
12/12/2019,54.28
13/12/2019,54.94
16/12/2019,55.43
17/12/2019,55.85
18/12/2019,56.04
19/12/2019,56.24
20/12/2019,55.81
23/12/2019,55.95
26/12/2019,57.32
30/12/2019,57.68
31/12/2019,56.14
02/01/2020,56.67
03/01/2020,58.88
06/01/2020,59.35
07/01/2020,58.61
08/01/2020,56.12
09/01/2020,55.7
10/01/2020,55.33
13/01/2020,54.6
14/01/2020,54.82
15/01/2020,54.4
16/01/2020,54.95
17/01/2020,55.06
21/01/2020,54.76
22/01/2020,53.43
23/01/2020,52.27
24/01/2020,51.09
27/01/2020,49.8
28/01/2020,49.59
29/01/2020,49.86
30/01/2020,48.37
31/01/2020,48.15
04/02/2020,44.21
05/02/2020,45.46
06/02/2020,45.37
07/02/2020,44.82
10/02/2020,43.72
11/02/2020,44.27
12/02/2020,45.9
13/02/2020,46.35
14/02/2020,47.23
18/02/2020,47.49
19/02/2020,48.85
20/02/2020,49.15
21/02/2020,48.47
24/02/2020,46.41
25/02/2020,44.94
26/02/2020,43.46
27/02/2020,42.05
28/02/2020,39.76
02/03/2020,41.85
03/03/2020,42.02
04/03/2020,41.37
05/03/2020,40.32
06/03/2020,35.75
09/03/2020,24.43
10/03/2020,27.4
11/03/2020,25.93
12/03/2020,23.58
13/03/2020,24.19
17/03/2020,18.78
18/03/2020,14.54
19/03/2020,17.7
20/03/2020,15.78
23/03/2020,15.33
24/03/2020,16.06
25/03/2020,16.84
26/03/2020,14.67
27/03/2020,13.01
30/03/2020,10.37
31/03/2020,10.76
01/04/2020,10.61
02/04/2020,16.05
03/04/2020,20.48
06/04/2020,18.66
07/04/2020,16.65
08/04/2020,17.87
09/04/2020,16.54
13/04/2020,17.16
14/04/2020,15.3
15/04/2020,14.23
16/04/2020,14.17
17/04/2020,14.35
20/04/2020,-2.37
21/04/2020,7.12
22/04/2020,7.19
23/04/2020,8.54
24/04/2020,8.53
27/04/2020,6.55
28/04/2020,7.33
29/04/2020,9.44
30/04/2020,12.5
04/05/2020,18.17
05/05/2020,21.67
06/05/2020,21.1
08/05/2020,21.89
11/05/2020,21.05
12/05/2020,21.95
13/05/2020,21.13
14/05/2020,23.08
15/05/2020,24.74
18/05/2020,26.73
19/05/2020,26.55
20/05/2020,27.71
21/05/2020,28.03
22/05/2020,27.3
26/05/2020,28.65
27/05/2020,27.37
28/05/2020,27.92
29/05/2020,29.87
01/06/2020,31.14
02/06/2020,32.4
03/06/2020,32.64
04/06/2020,32.61
05/06/2020,34.77
08/06/2020,33.88
09/06/2020,33.97
10/06/2020,34.43
11/06/2020,31.59
12/06/2020,31.42
15/06/2020,32.33
16/06/2020,33.63
17/06/2020,33.51
18/06/2020,34.17
19/06/2020,35.04
22/06/2020,35.49
23/06/2020,35.42
24/06/2020,33.15
25/06/2020,33.67
26/06/2020,33.89
29/06/2020,34.51
30/06/2020,34.28
01/07/2020,36.43
02/07/2020,37.35
06/07/2020,37.54
07/07/2020,37.45
08/07/2020,37.69
09/07/2020,36.78
13/07/2020,37.1
14/07/2020,37.15
15/07/2020,38.09
16/07/2020,37.58
17/07/2020,37.27
20/07/2020,37.34
21/07/2020,38.39
22/07/2020,38.43
23/07/2020,37.68
24/07/2020,37.54
27/07/2020,37.77
28/07/2020,37.42
29/07/2020,37.82
30/07/2020,36.94
03/08/2020,39.05
04/08/2020,39.5
05/08/2020,40.23
06/08/2020,40.12
07/08/2020,39.57
11/08/2020,39.78
12/08/2020,40.57
13/08/2020,40.23
14/08/2020,39.93
17/08/2020,40.58
18/08/2020,40.74
19/08/2020,40.68
20/08/2020,40.33
21/08/2020,40
24/08/2020,40.5
25/08/2020,41.12
26/08/2020,41.11
27/08/2020,40.73
28/08/2020,40.58
31/08/2020,40.85
01/09/2020,41.12
02/09/2020,40.17
03/09/2020,39.62
04/09/2020,38.45
08/09/2020,35.5
09/09/2020,36.2
10/09/2020,35.66
11/09/2020,35.46
14/09/2020,35.25
15/09/2020,36.08
16/09/2020,37.31
17/09/2020,38.76
18/09/2020,38.97
21/09/2020,37.26
22/09/2020,37.44
23/09/2020,37.58
24/09/2020,37.56
25/09/2020,37.86
28/09/2020,38.15
29/09/2020,37.11
30/09/2020,37.12
01/10/2020,35.94
02/10/2020,34.16
05/10/2020,36.02
06/10/2020,37.38
07/10/2020,36.91
08/10/2020,38.04
09/10/2020,37.71
