{"metadata":{"asset_id":"2d8ce784-bf8b-4a99-9470-a5f73eb77872","asset_attributes":["data_asset"],"name":"pml02_1_19.csv","asset_type":"data_asset","created_at":"2020-10-28T00:24:15Z","description":"","origin_country":"us","owner_id":"IBMid-550009BS0M","project_id":"f36093aa-09d1-408b-ae0a-177693f3aba5","size":25524512,"tags":[],"usage":{"last_update_time":1603844656693,"last_updated_at":"2020-10-28T00:24:16Z"}},"entity":{"data_asset":{"mime_type":"text/csv","dataset":false}},"attachments":[{"id":"ab2da428-215c-43ef-827b-252899b3bec8","version":2,"asset_type":"data_asset","name":"pml02_1_19.csv","mime":"text/csv","datasource_type":"193a97c1-4475-4a19-b90c-295c4fdc6517","object_key":"pml02_1_19.csv","creator_id":"IBMid-550009BS0M","create_time":1603844656693,"size":25524512,"is_remote":false,"is_managed":false,"is_referenced":true,"is_object_key_read_only":true,"is_user_provided_path_key":true,"transfer_complete":true,"is_partitioned":false,"complete_time_ticks":1603844656693,"user_data":{},"test_doc":0,"handle":{"bucket":"proyectointegrador2-donotdelete-pr-tkwitzwhweuhed","location":"us-geo","key":"pml02_1_19.csv","upload_id":"done","max_part_num":1},"usage":{"access_count":0,"last_accessor_id":"IBMid-550009BS0M","last_access_time":1603844656693}}]}
