{"metadata":{"asset_id":"0e2b857e-633b-4103-aa5c-4e21f0650ec4","asset_attributes":["data_asset"],"name":"pml09_2_18.csv","asset_type":"data_asset","created_at":"2020-10-27T23:16:36Z","description":"","origin_country":"us","owner_id":"IBMid-550009BS0M","project_id":"f36093aa-09d1-408b-ae0a-177693f3aba5","size":25790978,"tags":[],"usage":{"last_update_time":1603840597735,"last_updated_at":"2020-10-27T23:16:37Z"}},"entity":{"data_asset":{"mime_type":"text/csv","dataset":false}},"attachments":[{"id":"6922acdc-c46d-4675-a917-754779b3956f","version":2,"asset_type":"data_asset","name":"pml09_2_18.csv","mime":"text/csv","datasource_type":"193a97c1-4475-4a19-b90c-295c4fdc6517","object_key":"pml09_2_18.csv","creator_id":"IBMid-550009BS0M","create_time":1603840597734,"size":25790978,"is_remote":false,"is_managed":false,"is_referenced":true,"is_object_key_read_only":true,"is_user_provided_path_key":true,"transfer_complete":true,"is_partitioned":false,"complete_time_ticks":1603840597734,"user_data":{},"test_doc":0,"handle":{"bucket":"proyectointegrador2-donotdelete-pr-tkwitzwhweuhed","location":"us-geo","key":"pml09_2_18.csv","upload_id":"done","max_part_num":1},"usage":{"access_count":0,"last_accessor_id":"IBMid-550009BS0M","last_access_time":1603840597734}}]}
