Fecha,Clave_del_nodo,pml_mean
1/11/2017,01AAN-85,1273.4704166666672
1/11/2017,01AAP-85,1227.95375
1/11/2017,01ACC-85,1211.3500000000004
1/11/2017,01ACM-85,1213.5837499999998
1/11/2017,01ACN-85,1218.3149999999998
1/11/2017,01ACO-230,1195.3249999999996
1/11/2017,01ACS-230,1189.9754166666664
1/11/2017,01AGU-230,1215.3570833333335
1/11/2017,01AGV-85,1234.6108333333334
1/11/2017,01AIN-115,1226.3541666666667
1/11/2017,01ALR-85,1214.8274999999999
1/11/2017,01AMO-85,1231.2041666666667
1/11/2017,01ANL-85,1238.6241666666665
1/11/2017,01ANM-115,1206.5645833333333
1/11/2017,01ANS-85,1216.1325
1/11/2017,01ANU-115,1240.3379166666664
1/11/2017,01ANU-69,1240.3379166666664
1/11/2017,01ARA-85,1213.0433333333333
1/11/2017,01ARX-230,1191.274583333333
1/11/2017,01ATE-230,1223.3683333333333
1/11/2017,01ATE-85,1222.4775000000002
1/11/2017,01ATG-69,1183.9974999999997
1/11/2017,01ATI-230,1212.4354166666667
1/11/2017,01ATK-230,1210.6783333333333
1/11/2017,01ATM-115,1230.6512500000001
1/11/2017,01ATS-115,1171.5291666666665
1/11/2017,01ATU-115,1223.2791666666667
1/11/2017,01AUM-85,1212.5095833333332
1/11/2017,01AUO-115,1209.2466666666667
1/11/2017,01AUR-230,1206.1787499999998
1/11/2017,01AVA-115,1209.8112500000002
1/11/2017,01AVT-85,1223.7599999999998
1/11/2017,01AYO-230,1206.7141666666664
1/11/2017,01AZC-230,1212.04125
1/11/2017,01BAR-85,1218.2195833333333
1/11/2017,01BBR-115,1210.9237500000004
1/11/2017,01BBV-230,1212.4862500000002
1/11/2017,01BDK-85,1214.9725
1/11/2017,01CAH-85,1218.17125
1/11/2017,01CAR-85,1214.14625
1/11/2017,01CAY-115,1174.9908333333335
1/11/2017,01CCM-115,1223.0212499999996
1/11/2017,01CCZ-230,1189.5845833333335
1/11/2017,01CDS-85,1227.8179166666669
1/11/2017,01CEA-85,1196.5104166666665
1/11/2017,01CEI-230,1210.0679166666669
1/11/2017,01CFD-230,1209.5350000000003
1/11/2017,01CFI-230,1209.3687499999999
1/11/2017,01CFZ-85,1279.7441666666668
1/11/2017,01CHA-85,1223.8941666666667
1/11/2017,01CHE-85,1218.2558333333334
1/11/2017,01CHN-230,1204.1891666666666
1/11/2017,01CJM-230,1214.17625
1/11/2017,01CMC-230,1212.14125
1/11/2017,01CMO-115,1241.0874999999999
1/11/2017,01CNA-69,1188.3666666666666
1/11/2017,01COA-230,1211.8166666666666
1/11/2017,01COM-115,1226.7804166666667
1/11/2017,01COY-230,1216.2433333333336
1/11/2017,01CPG-230,1201.0466666666669
1/11/2017,01CPM-230,1210.3612500000002
1/11/2017,01CRG-230,1209.3416666666667
1/11/2017,01CRG-85,1206.9445833333334
1/11/2017,01CRM-85,1190.5574999999997
1/11/2017,01CRS-230,1214.1220833333332
1/11/2017,01CRU-230,1208.533333333333
1/11/2017,01CSN-115,1232.1583333333333
1/11/2017,01CSR-115,1173.1641666666667
1/11/2017,01CTD-230,1215.3483333333334
1/11/2017,01CTG-230,1208.6179166666668
1/11/2017,01CTT-85,1216.783333333333
1/11/2017,01CVD-85,1220.5874999999999
1/11/2017,01CYO-85,1224.627083333333
1/11/2017,01DCA-85,1232.1670833333333
1/11/2017,01DCO-85,1216.2012499999998
1/11/2017,01DOG-115,1205.12125
1/11/2017,01ECA-230,1207.7133333333331
1/11/2017,01ECB-115,1206.118333333333
1/11/2017,01ECR-230,1225.2395833333333
1/11/2017,01EDB-115,1209.6337500000002
1/11/2017,01ELG-115,1214.0712499999997
1/11/2017,01ENB-115,1209.2349999999997
1/11/2017,01ESB-115,1207.2516666666668
1/11/2017,01EST-230,1212.6041666666665
1/11/2017,01ETB-115,1206.9566666666667
1/11/2017,01EUB-115,1210.9266666666667
1/11/2017,01EVD-230,1204.8654166666665
1/11/2017,01FMC-85,1213.4566666666667
1/11/2017,01FPG-115,1216.9175
1/11/2017,01FRR-115,1234.62625
1/11/2017,01GMC-85,1223.4287499999998
1/11/2017,01GMY-115,1174.845
1/11/2017,01GUA-85,1215.0116666666668
1/11/2017,01HTC-85,1215.8979166666666
1/11/2017,01HTM-115,1219.111666666667
1/11/2017,01HTT-85,1221.6329166666667
1/11/2017,01INM-85,1225.3641666666667
1/11/2017,01INN-85,1214.9462499999997
1/11/2017,01INS-85,1213.0533333333335
1/11/2017,01INU-115,1215.3725
1/11/2017,01IRO-230,1188.2658333333336
1/11/2017,01ISC-85,1205.8679166666666
1/11/2017,01ISO-115,1178.37625
1/11/2017,01ITD-115,1218.8320833333332
1/11/2017,01IUN-115,1213.7462500000004
1/11/2017,01IXL-230,1205.9120833333334
1/11/2017,01IXS-115,1217.7858333333336
1/11/2017,01IXT-115,1210.9237500000004
1/11/2017,01IZT-230,1210.3320833333332
1/11/2017,01JAM-85,1212.7024999999996
1/11/2017,01JAS-85,1187.01625
1/11/2017,01JCP-85,1231.8100000000002
1/11/2017,01JDV-85,1224.6641666666667
1/11/2017,01JID-115,1205.1416666666667
1/11/2017,01JIL-115,1204.6604166666664
1/11/2017,01JJA-85,1205.67
1/11/2017,01JLC-230,1211.3425000000004
1/11/2017,01JRB-230,1191.260833333333
1/11/2017,01JUA-85,1278.2716666666668
1/11/2017,01KCR-230,1212.0754166666666
1/11/2017,01KDM-85,1223.2516666666666
1/11/2017,01KMC-85,1189.5533333333335
1/11/2017,01LAC-115,1215.8249999999998
1/11/2017,01LAP-230,1204.81375
1/11/2017,01LAQ-85,1216.4316666666668
1/11/2017,01LAZ-85,1212.7024999999996
1/11/2017,01LCD-115,1174.6337500000002
1/11/2017,01LCP-230,1170.0354166666668
1/11/2017,01LCP-400,1168.6683333333333
1/11/2017,01LCT-85,1206.5504166666667
1/11/2017,01LEC-85,1215.4645833333334
1/11/2017,01LER-85,1079.2333333333333
1/11/2017,01LES-115,1210.7241666666669
1/11/2017,01LFG-230,1191.1079166666666
1/11/2017,01LOM-85,1220.37625
1/11/2017,01LQX-85,1220.71
1/11/2017,01LVE-230,1212.4854166666667
1/11/2017,01MAD-230,1211.7320833333335
1/11/2017,01MAG-85,1212.42875
1/11/2017,01MER-230,1212.4850000000001
1/11/2017,01MGR-85,1213.5725
1/11/2017,01MIR-115,1178.3366666666668
1/11/2017,01MLP-230,1213.1883333333333
1/11/2017,01MOR-230,1211.539166666667
1/11/2017,01MOS-85,1215.4070833333333
1/11/2017,01MTI-115,1211.44125
1/11/2017,01MZA-85,1216.4258333333335
1/11/2017,01NAR-85,1227.8729166666667
1/11/2017,01NAU-85,1215.50125
1/11/2017,01NEC-85,1171.0600000000002
1/11/2017,01NET-85,1210.1970833333332
1/11/2017,01NFA-85,1216.3158333333336
1/11/2017,01NIS-85,1226.3474999999999
1/11/2017,01NLE-85,1224.6825000000001
1/11/2017,01NON-85,1211.2970833333331
1/11/2017,01NTG-115,1220.4883333333335
1/11/2017,01OCE-230,1212.5370833333332
1/11/2017,01ODB-230,1215.2091666666665
1/11/2017,01OLI-230,1215.80125
1/11/2017,01OTM-230,1187.8062500000003
1/11/2017,01PAC-85,1215.7037499999997
1/11/2017,01PAT-85,1211.6095833333331
1/11/2017,01PCC-85,1213.7929166666668
1/11/2017,01PDO-115,1217.2458333333332
1/11/2017,01PEN-230,1212.3979166666666
1/11/2017,01PEV-230,1212.4312499999999
1/11/2017,01PEX-85,1215.8750000000002
1/11/2017,01PHC-230,1188.1379166666668
1/11/2017,01PIR-85,1187.372916666667
1/11/2017,01PIT-400,1175.7941666666666
1/11/2017,01PLO-115,1232.17125
1/11/2017,01PLZ-115,1211.6933333333332
1/11/2017,01PMT-115,1174.721666666667
1/11/2017,01PMX1115,1188.2633333333333
1/11/2017,01PMX2115,1171.3587499999999
1/11/2017,01PNN-230,1210.14125
1/11/2017,01PNT-85,1220.0874999999999
1/11/2017,01POO-230,1212.12625
1/11/2017,01PQI-115,1197.8699999999997
1/11/2017,01PRO-85,1224.8008333333332
1/11/2017,01PSR-85,1234.6879166666665
1/11/2017,01PTH-85,1207.0441666666666
1/11/2017,01PTL-85,1164.7679166666667
1/11/2017,01PXA-85,1214.26
1/11/2017,01PYG-230,1191.2658333333331
1/11/2017,01RAT-230,1189.7566666666664
1/11/2017,01RBS-85,1224.2379166666667
1/11/2017,01REF-85,1224.5337500000003
1/11/2017,01REM-230,1211.8020833333333
1/11/2017,01REM-85,1211.1795833333333
1/11/2017,01RES-85,1208.1895833333333
1/11/2017,01RSL-230,1213.3554166666668
1/11/2017,01SAF-85,1223.8104166666665
1/11/2017,01SAO-85,1171.6979166666665
1/11/2017,01SCD-230,1174.6395833333336
1/11/2017,01SDI-85,1207.0820833333332
1/11/2017,01SKP-85,1207.5562500000003
1/11/2017,01SMT-115,1212.9095833333336
1/11/2017,01SNG-230,1215.980833333333
1/11/2017,01SOX-230,1203.9516666666666
1/11/2017,01SSE-115,1220.2883333333336
1/11/2017,01SSO-85,1225.2475000000002
1/11/2017,01SSP-85,1225.1337499999997
1/11/2017,01STU-115,1203.655
1/11/2017,01TAC-85,1215.5833333333333
1/11/2017,01TAX-230,1214.6587499999998
1/11/2017,01TAX-85,1226.1383333333333
1/11/2017,01TCC-230,1188.32375
1/11/2017,01TCM-230,1193.98625
1/11/2017,01TDK-230,1224.153333333333
1/11/2017,01TDV-85,1234.4691666666668
1/11/2017,01TEH-230,1214.374166666667
1/11/2017,01TEP-85,1167.8383333333336
1/11/2017,01TIA-230,1224.6370833333335
1/11/2017,01TIN-115,1212.0187500000002
1/11/2017,01TIZ-230,1194.2212499999998
1/11/2017,01TJP-115,1210.845
1/11/2017,01TKM-230,1200.7966666666669
1/11/2017,01TLG-85,1203.638333333333
1/11/2017,01TLT-85,1195.8662499999998
1/11/2017,01TMA-115,1211.3020833333333
1/11/2017,01TOL-85,1221.1975
1/11/2017,01TOP-230,1210.4045833333332
1/11/2017,01TPA-115,1234.4495833333335
1/11/2017,01TPZ-85,1222.6645833333332
1/11/2017,01TQC-115,1216.2170833333332
1/11/2017,01TRX-85,1215.5516666666665
1/11/2017,01TTC-230,1224.3004166666665
1/11/2017,01TTH-230,1191.42125
1/11/2017,01TTO-85,1228.7033333333336
1/11/2017,01TTT-115,1214.6295833333334
1/11/2017,01TUL-230,1188.32375
1/11/2017,01TUL-400,1190.33125
1/11/2017,01TYA-230,1216.0912499999997
1/11/2017,01VAE-230,1204.1933333333334
1/11/2017,01VAJ-230,1210.4075
1/11/2017,01VDF-85,1210.710833333333
1/11/2017,01VDM-85,1197.8795833333331
1/11/2017,01VDT-85,1223.364166666667
1/11/2017,01VER-230,1212.4045833333332
1/11/2017,01VFI-85,1211.292916666667
1/11/2017,01VGU-115,1221.7991666666665
1/11/2017,01VIC-230,1208.6008333333334
1/11/2017,01VIC-85,1212.9291666666666
1/11/2017,01VIL-230,1175.5554166666666
1/11/2017,01VIT-85,1192.00125
1/11/2017,01VLR-85,1207.5975
1/11/2017,01VPM-85,1211.2416666666668
1/11/2017,01VRN-85,1215.5525
1/11/2017,01VTU-85,1208.2362500000002
1/11/2017,01XAL-230,1211.7379166666667
1/11/2017,01XOC-230,1211.2475000000004
1/11/2017,01YBC-115,1214.0395833333332
1/11/2017,01ZAE-85,1215.86375
1/11/2017,01ZAR-230,1207.86
1/11/2017,01ZIC-85,1234.0825000000002
1/11/2017,01ZIR-69,1230.99125
1/11/2017,01ZUM-85,1200.5337500000003
1/11/2017,02AAA-115,1233.28625
1/11/2017,02ABL-115,1204.5570833333334
1/11/2017,02ACA-115,1250.969166666667
1/11/2017,02ACJ-115,1176.1745833333332
1/11/2017,02ACY-115,1206.5866666666666
1/11/2017,02ACZ-115,1217.4145833333334
1/11/2017,02ADD-115,1211.4533333333334
1/11/2017,02ADS-115,1209.03
1/11/2017,02AEN-115,1251.69625
1/11/2017,02AGA-115,1201.0004166666665
1/11/2017,02AGF-69,1150.5825
1/11/2017,02AHZ-115,1259.8308333333334
1/11/2017,02AMF-115,1195.8474999999999
1/11/2017,02AMN-115,1158.6595833333336
1/11/2017,02AMZ-115,1212.4579166666665
1/11/2017,02ANC-115,1200.0158333333334
1/11/2017,02ANG-400,1212.1504166666666
1/11/2017,02AOC-115,1181.0041666666666
1/11/2017,02AOS-115,1211.8941666666667
1/11/2017,02APC-115,1261.00375
1/11/2017,02API-115,1198.2445833333334
1/11/2017,02ARC-115,1263.23125
1/11/2017,02ARG-115,1207.4112499999999
1/11/2017,02ARP-69,1137.2345833333334
1/11/2017,02ARR-115,1206.982083333333
1/11/2017,02ASI-115,1115.9645833333332
1/11/2017,02ATC-115,1207.1529166666667
1/11/2017,02ATX-230,1193.9958333333332
1/11/2017,02ATZ-115,1198.1433333333332
1/11/2017,02AUN-115,1206.6654166666667
1/11/2017,02AVD-115,1211.0979166666666
1/11/2017,02AXO-115,1143.8987500000003
1/11/2017,02AXT-115,1205.3816666666667
1/11/2017,02AYA-115,1241.39625
1/11/2017,02AYT-115,1373.3770833333335
1/11/2017,02AZA-115,1371.243333333333
1/11/2017,02AZY-115,1187.4958333333334
1/11/2017,02BAA-115,1261.5458333333333
1/11/2017,02BCH-115,1223.7033333333334
1/11/2017,02BDD-115,1253.26875
1/11/2017,02BDR-115,1161.6575000000005
1/11/2017,02BDZ-115,1235.8054166666668
1/11/2017,02BGB-115,1206.7466666666667
1/11/2017,02BGS-115,1206.8466666666668
1/11/2017,02BNL-115,1267.4320833333334
1/11/2017,02BOE-115,1197.4229166666667
1/11/2017,02BPP-115,1185.99125
1/11/2017,02BRN-115,1142.1233333333334
1/11/2017,02BRS-115,1159.8100000000002
1/11/2017,02BVI-115,1135.0958333333333
1/11/2017,02CAC-115,1192.9954166666666
1/11/2017,02CAE-115,1178.0512500000002
1/11/2017,02CAO-115,1227.7970833333331
1/11/2017,02CAX-115,1186.7470833333334
1/11/2017,02CAY-115,1264.4141666666667
1/11/2017,02CAZ-115,1265.32
1/11/2017,02CBE-400,1210.25125
1/11/2017,02CBM-115,1178.02625
1/11/2017,02CBS-115,1183.4258333333332
1/11/2017,02CCA-115,1144.2541666666668
1/11/2017,02CCL-69,1234.0420833333333
1/11/2017,02CCS-115,1253.4133333333334
1/11/2017,02CDD-115,1220.8279166666666
1/11/2017,02CDN-115,1225.8341666666665
1/11/2017,02CDO-115,1126.3120833333335
1/11/2017,02CEF-115,1205.1562500000002
1/11/2017,02CEM-115,1236.76625
1/11/2017,02CEO-115,1176.0674999999999
1/11/2017,02CFV-115,1243.2091666666668
1/11/2017,02CGC-115,1203.2958333333333
1/11/2017,02CGJ-115,1207.3095833333334
1/11/2017,02CGN-115,1333.8933333333332
1/11/2017,02CGO-115,1242.53125
1/11/2017,02CHD-115,1209.8466666666666
1/11/2017,02CHG-115,1256.0912500000002
1/11/2017,02CHH-115,1209.475
1/11/2017,02CHI-115,1134.3595833333331
1/11/2017,02CHP-115,1206.7633333333333
1/11/2017,02CHT-115,1230.3241666666665
1/11/2017,02CIC-115,1208.3725
1/11/2017,02CIH-115,1224.3129166666668
1/11/2017,02CIL-115,1232.9075
1/11/2017,02CIO-85,1228.2458333333332
1/11/2017,02CIP-115,1264.2133333333334
1/11/2017,02CIT-115,1217.1304166666666
1/11/2017,02CIV-115,1225.2166666666667
1/11/2017,02CIY-115,1206.7645833333333
1/11/2017,02CJT-115,1270.0391666666665
1/11/2017,02CLO-115,1206.8533333333335
1/11/2017,02CLS-115,1208.3095833333332
1/11/2017,02CLT-69,1254.3979166666666
1/11/2017,02CLX-115,1195.2904166666667
1/11/2017,02CMA-115,1193.2224999999999
1/11/2017,02CMT-115,1181.2729166666666
1/11/2017,02CNJ-115,1208.2258333333334
1/11/2017,02CNM-115,1210.0783333333334
1/11/2017,02CNU-115,1197.075833333333
1/11/2017,02CNX-115,1189.0525000000002
1/11/2017,02COM-115,1230.845
1/11/2017,02COP-115,1179.4233333333334
1/11/2017,02COR-115,1187.69375
1/11/2017,02CPA-115,1231.7441666666666
1/11/2017,02CPL-115,1177.72625
1/11/2017,02CPO-115,1200.8775000000003
1/11/2017,02CPQ-115,1212.544583333333
1/11/2017,02CPX-115,1229.7520833333335
1/11/2017,02CRI-115,1248.7029166666669
1/11/2017,02CRL-115,1265.2654166666664
1/11/2017,02CRL-230,1247.875
1/11/2017,02CRX-115,1211.7229166666664
1/11/2017,02CRY-115,1207.3133333333335
1/11/2017,02CSE-115,1195.2216666666666
1/11/2017,02CSL-115,1186.4883333333335
1/11/2017,02CSS-115,1263.2829166666666
1/11/2017,02CSU-115,1226.0558333333336
1/11/2017,02CSX-115,1189.0525000000002
1/11/2017,02CTH-115,1182.8570833333333
1/11/2017,02CTM-115,1198.0658333333333
1/11/2017,02CTO-115,1207.3787499999996
1/11/2017,02CTS-115,1206.0533333333333
1/11/2017,02CTX-115,1196.9829166666666
1/11/2017,02CUA-115,1218.02375
1/11/2017,02CUE-85,1225.3841666666665
1/11/2017,02CUG-115,1263.5991666666664
1/11/2017,02CUH-115,1206.0533333333333
1/11/2017,02CUM-230,1218.1095833333331
1/11/2017,02CUS-115,1224.100416666667
1/11/2017,02CUX-115,1247.6425
1/11/2017,02CVE-115,1195.6520833333336
1/11/2017,02CVN-115,1206.74625
1/11/2017,02CVT-115,1195.4679166666663
1/11/2017,02CYC-115,1255.0308333333332
1/11/2017,02CYR-400,1188.5254166666666
1/11/2017,02CYX-115,1213.44
1/11/2017,02CZN-115,1137.6316666666667
1/11/2017,02CZT-115,1136.8304166666667
1/11/2017,02DBC-115,1156.5512499999998
1/11/2017,02DBC-230,1158.2925000000002
1/11/2017,02DBX-115,1232.68
1/11/2017,02DIN-69,1137.9733333333334
1/11/2017,02DUA-115,1226.6199999999997
1/11/2017,02DXM-115,1196.2058333333334
1/11/2017,02EAS-115,1222.5983333333336
1/11/2017,02ECM-115,1197.5783333333331
1/11/2017,02ECN-115,1197.5266666666666
1/11/2017,02ECT-115,1162.7533333333333
1/11/2017,02EDO-115,1188.2320833333333
1/11/2017,02EJT-115,1236.0824999999998
1/11/2017,02ELC-115,1174.52125
1/11/2017,02EMZ-115,1197.6920833333331
1/11/2017,02EOC-230,1120.2725
1/11/2017,02EOD-230,1120.4424999999999
1/11/2017,02EOT-230,1148.2575
1/11/2017,02ERZ-115,1214.80625
1/11/2017,02ESF-115,1143.5170833333334
1/11/2017,02ETD-115,1135.5566666666668
1/11/2017,02ETT-115,1262.2658333333331
1/11/2017,02ETX-115,1237.819166666667
1/11/2017,02EXE-115,1206.1670833333335
1/11/2017,02EZA-115,1268.5158333333334
1/11/2017,02FCM-115,1266.58125
1/11/2017,02FEM-115,1191.5495833333332
1/11/2017,02FJM-115,1194.37875
1/11/2017,02FLM-115,1231.3845833333332
1/11/2017,02FNQ-115,1210.8054166666666
1/11/2017,02FOR-115,1191.52375
1/11/2017,02FRT-115,1239.2854166666664
1/11/2017,02FRY-115,1157.83875
1/11/2017,02FUE-115,1205.1562500000002
1/11/2017,02GAN-115,1202.3566666666668
1/11/2017,02GAR-115,1260.9141666666667
1/11/2017,02GBA-115,1192.6425000000002
1/11/2017,02GDM-115,1195.2625
1/11/2017,02GIA-115,1223.7350000000001
1/11/2017,02GIR-115,1206.2320833333335
1/11/2017,02GIS-115,1247.7758333333334
1/11/2017,02GLM-115,1175.7820833333333
1/11/2017,02GRA-115,1157.4887500000002
1/11/2017,02GRE-115,1199.6858333333332
1/11/2017,02GRT-115,1186.9791666666667
1/11/2017,02GZD-115,1140.9704166666666
1/11/2017,02HCO-115,1214.6141666666667
1/11/2017,02HEL-115,1261.3741666666667
1/11/2017,02HJO-115,1196.6112500000002
1/11/2017,02HJP-115,1265.24375
1/11/2017,02HMG-115,1223.3966666666668
1/11/2017,02HMS-115,1157.5595833333332
1/11/2017,02HMT-115,1157.2091666666668
1/11/2017,02HOC-115,1208.5866666666664
1/11/2017,02HTP-115,1229.1950000000002
1/11/2017,02HTU-115,1196.5683333333334
1/11/2017,02HUA-115,1196.7579166666667
1/11/2017,02HUJ-69,1281.5275000000004
1/11/2017,02HUU-115,1266.2641666666666
1/11/2017,02HUX-115,1244.0133333333335
1/11/2017,02HYN-115,1144.915
1/11/2017,02ICD-115,1225.9291666666666
1/11/2017,02ICS-115,1232.3212500000002
1/11/2017,02IDE-115,1213.0745833333333
1/11/2017,02IFN-115,1160.2083333333333
1/11/2017,02IGP-115,1173.17625
1/11/2017,02IGU-115,1262.465416666667
1/11/2017,02INT-115,1202.6654166666665
1/11/2017,02IPA-115,1183.4424999999999
1/11/2017,02IPD-115,1223.7099999999998
1/11/2017,02IPO-115,1154.6516666666669
1/11/2017,02IPO-230,1154.6516666666669
1/11/2017,02IQU-115,1206.9920833333333
1/11/2017,02ISL-115,1207.2670833333332
1/11/2017,02ISN-115,1184.8304166666667
1/11/2017,02ITU-115,1269.7404166666668
1/11/2017,02IVH-115,1224.3129166666668
1/11/2017,02IXH-115,1136.78
1/11/2017,02IXJ-115,1222.3216666666667
1/11/2017,02IXP-115,1112.0029166666666
1/11/2017,02IZD-115,1245.9141666666667
1/11/2017,02IZM-115,1247.3275
1/11/2017,02JAA-115,1232.2862499999997
1/11/2017,02JBL-115,1160.2283333333332
1/11/2017,02JDD-230,1191.29375
1/11/2017,02JIC-115,1181.6791666666666
1/11/2017,02JIU-115,1218.58625
1/11/2017,02JJT-115,1221.9170833333333
1/11/2017,02JLD-115,1179.5970833333333
1/11/2017,02JOC-230,1184.6783333333335
1/11/2017,02JRN-115,1250.5133333333335
1/11/2017,02JTL-115,1237.0075
1/11/2017,02JUC-115,1108.9545833333334
1/11/2017,02JUD-115,1104.6741666666665
1/11/2017,02JUD-230,1110.8575
1/11/2017,02JUY-115,1208.75625
1/11/2017,02KIA-115,1197.6033333333332
1/11/2017,02KIC-115,1197.85375
1/11/2017,02KIM-115,1194.787916666667
1/11/2017,02KRU-115,1193.08375
1/11/2017,02LAT-115,1264.6470833333333
1/11/2017,02LAV-400,1147.8008333333335
1/11/2017,02LBD-115,1204.7316666666668
1/11/2017,02LBR-115,1141.675416666667
1/11/2017,02LCH-115,1218.6474999999998
1/11/2017,02LCJ-115,1295.0191666666667
1/11/2017,02LGP-115,1164.7654166666664
1/11/2017,02LGZ-115,1238.3691666666666
1/11/2017,02LHD-115,1211.4533333333334
1/11/2017,02LIB-115,1170.7520833333333
1/11/2017,02LJU-115,1266.2991666666665
1/11/2017,02LME-115,1208.36
1/11/2017,02LML-115,1192.2191666666665
1/11/2017,02LMM-115,1265.3508333333334
1/11/2017,02LMX-115,1211.6575
1/11/2017,02LOA-115,1194.4379166666665
1/11/2017,02LOC-115,1220.239166666667
1/11/2017,02LPA-115,1251.5262500000006
1/11/2017,02LRD-115,1216.9266666666667
1/11/2017,02LRP-115,1191.8141666666666
1/11/2017,02LRZ-115,1192.0920833333334
1/11/2017,02LSL-115,1196.17
1/11/2017,02LTP-115,1266.2445833333331
1/11/2017,02LVA-115,1229.3275
1/11/2017,02LVD-230,1106.2191666666665
1/11/2017,02MAA-115,1216.9145833333334
1/11/2017,02MAP-115,1236.9225
1/11/2017,02MAR-115,1194.4045833333334
1/11/2017,02MAS-115,1210.6962500000002
1/11/2017,02MAU-115,1160.3608333333334
1/11/2017,02MAZ-115,1224.0879166666668
1/11/2017,02MCB-115,1162.6599999999999
1/11/2017,02MCD-115,1228.6337499999997
1/11/2017,02MCL-115,1226.4895833333337
1/11/2017,02MCN-115,1231.8345833333335
1/11/2017,02MCP-115,1232.5695833333332
1/11/2017,02MDD-115,1160.4995833333332
1/11/2017,02MEC-115,1207.60375
1/11/2017,02MET-115,1197.2645833333333
1/11/2017,02MEZ-115,1212.5491666666665
1/11/2017,02MFB-115,1250.6491666666668
1/11/2017,02MGS-115,1156.9529166666664
1/11/2017,02MHT-115,1253.0404166666665
1/11/2017,02MID-400,1204.8066666666666
1/11/2017,02MIP-115,1266.2445833333331
1/11/2017,02MIS-69,1128.0708333333334
1/11/2017,02MIU-115,1212.8666666666666
1/11/2017,02MLN-115,1375.57875
1/11/2017,02MLU-115,1262.2654166666669
1/11/2017,02MMT-400,1206.9662500000002
1/11/2017,02MOA-115,1197.9779166666665
1/11/2017,02MOZ-115,1260.1708333333333
1/11/2017,02MPE-115,1204.4550000000002
1/11/2017,02MPH-115,1199.825833333333
1/11/2017,02MPR-115,1224.9545833333334
1/11/2017,02MPS-115,1204.43875
1/11/2017,02MPS-400,1204.43875
1/11/2017,02MRA-115,1261.75125
1/11/2017,02MRO-115,1132.1508333333336
1/11/2017,02MSD-115,1166.1420833333334
1/11/2017,02MTL-115,1267.0420833333333
1/11/2017,02MTO-115,1261.5087499999997
1/11/2017,02MTT-115,1158.9395833333333
1/11/2017,02MTX-115,1235.2554166666669
1/11/2017,02MUD-115,1249.7620833333333
1/11/2017,02MVE-115,1187.69375
1/11/2017,02MZL-115,1248.6891666666666
1/11/2017,02MZT-230,1156.892916666667
1/11/2017,02NCH-115,1258.2804166666663
1/11/2017,02NGL-115,1199.7904166666665
1/11/2017,02NMO-115,1177.0208333333333
1/11/2017,02NND-115,1211.6258333333333
1/11/2017,02NOR-115,1194.8833333333337
1/11/2017,02NPX-115,1189.0525000000002
1/11/2017,02NSN-115,1225.2187499999998
1/11/2017,02OAP-115,1234.41
1/11/2017,02OAX-115,1234.8404166666667
1/11/2017,02OCO-115,1286.065
1/11/2017,02OCZ-115,1219.5104166666667
1/11/2017,02OLN-115,1266.2954166666666
1/11/2017,02OME-115,1185.73875
1/11/2017,02OMT-115,1379.0129166666668
1/11/2017,02ORI-115,1190.9512499999998
1/11/2017,02ORT-115,1198.2820833333333
1/11/2017,02OWC-115,1197.1025
1/11/2017,02OXC-115,1276.0770833333331
1/11/2017,02OXD-115,1230.3166666666668
1/11/2017,02PAG-115,1161.4729166666666
1/11/2017,02PCO-115,1246.1854166666667
1/11/2017,02PDI-115,1266.39125
1/11/2017,02PDM-115,1197.341666666667
1/11/2017,02PDT-115,1164.4437500000001
1/11/2017,02PEA-115,1209.7233333333336
1/11/2017,02PEA-230,1210.0783333333334
1/11/2017,02PEC-115,1235.1591666666664
1/11/2017,02PED-115,1209.64125
1/11/2017,02PEE-115,1174.1470833333335
1/11/2017,02PEI-115,1194.4766666666667
1/11/2017,02PFR-115,1210.7562500000001
1/11/2017,02PGC-115,1187.9283333333333
1/11/2017,02PIN-115,1382.3054166666668
1/11/2017,02PJD-115,1206.841666666667
1/11/2017,02PJJ-115,1231.06375
1/11/2017,02PLB-115,1219.0316666666668
1/11/2017,02PLI-115,1179.17125
1/11/2017,02PLL-115,1222.6166666666666
1/11/2017,02PLQ-115,1258.97875
1/11/2017,02PLS-115,1194.3983333333333
1/11/2017,02PMC-115,1222.4108333333331
1/11/2017,02PMM-115,1137.4716666666666
1/11/2017,02PMO-115,1213.44
1/11/2017,02PNA-115,1199.6279166666666
1/11/2017,02PNS-115,1181.5145833333333
1/11/2017,02POC-115,1268.2941666666666
1/11/2017,02PON-115,1203.91625
1/11/2017,02POR-115,1197.1154166666668
1/11/2017,02POZ-115,1210.0512499999998
1/11/2017,02PPG-115,1295.2595833333332
1/11/2017,02PPL-115,1195.97
1/11/2017,02PPN-115,1227.9558333333337
1/11/2017,02PPX-115,1215.7441666666666
1/11/2017,02PQS-115,1136.81125
1/11/2017,02PRI-115,1136.08125
1/11/2017,02PRI-69,1136.08125
1/11/2017,02PRQ-115,1229.7933333333333
1/11/2017,02PRT-69,1137.3262499999998
1/11/2017,02PSF-115,1206.1229166666667
1/11/2017,02PSG-115,1192.0725
1/11/2017,02PSO-115,1229.8158333333333
1/11/2017,02PTD-115,1182.2437499999996
1/11/2017,02PTI-85,1229.0495833333334
1/11/2017,02PTM-115,1235.8679166666668
1/11/2017,02PTT-115,1214.6287499999996
1/11/2017,02PTU-230,1192.8970833333333
1/11/2017,02PUC-115,1236.0395833333334
1/11/2017,02PUE-115,1327.3170833333334
1/11/2017,02PUI-115,1194.2691666666667
1/11/2017,02PUM-115,1265.0383333333336
1/11/2017,02PVC-115,1205.2604166666667
1/11/2017,02PYN-115,1160.5791666666667
1/11/2017,02PYS-115,1262.456666666667
1/11/2017,02PZR-115,1273.3370833333336
1/11/2017,02QMD-115,1261.7708333333333
1/11/2017,02QMD-69,1261.7708333333333
1/11/2017,02RBO-115,1199.1699999999998
1/11/2017,02RDB-115,1216.0179166666667
1/11/2017,02RDC-115,1207.1604166666666
1/11/2017,02REN-115,1263.2549999999999
1/11/2017,02RFA-115,1196.7083333333335
1/11/2017,02RFD-115,1164.7654166666664
1/11/2017,02RLC-115,1217.6454166666667
1/11/2017,02RMC-115,1227.7695833333332
1/11/2017,02RME-115,1159.434166666667
1/11/2017,02RMN-115,1209.8945833333332
1/11/2017,02RNA-115,1178.8583333333333
1/11/2017,02RSC-115,1114.8570833333335
1/11/2017,02RSN-115,1196.88375
1/11/2017,02RSO-115,1362.1775
1/11/2017,02SAC-115,1115.9645833333332
1/11/2017,02SCF-115,1162.6125
1/11/2017,02SCH-115,1241.5545833333335
1/11/2017,02SCO-115,1258.7691666666665
1/11/2017,02SES-115,1206.46625
1/11/2017,02SFO-115,1230.3379166666666
1/11/2017,02SIA-115,1194.4704166666668
1/11/2017,02SIV-115,1193.2875000000001
1/11/2017,02SLS-115,1237.8491666666666
1/11/2017,02SLU-115,1373.3770833333335
1/11/2017,02SMF-115,1247.7758333333334
1/11/2017,02SMG-115,1196.3358333333335
1/11/2017,02SMI-115,1208.9725
1/11/2017,02SMJ-115,1251.8729166666665
1/11/2017,02SNF-115,1162.55875
1/11/2017,02SNL-115,1197.8674999999996
1/11/2017,02SNS-115,1148.8437499999998
1/11/2017,02SNT-115,1179.3508333333334
1/11/2017,02SOD-115,1162.9945833333334
1/11/2017,02SOY-115,1225.32875
1/11/2017,02SRB-115,1138.1766666666665
1/11/2017,02SSM-115,1257.4520833333336
1/11/2017,02STD-115,1131.4254166666667
1/11/2017,02STN-115,1192.5891666666666
1/11/2017,02SYA-115,1220.5079166666667
1/11/2017,02TAD-115,1266.8579166666666
1/11/2017,02TAE-115,1228.3316666666663
1/11/2017,02TAJ-115,1134.720833333333
1/11/2017,02TAN-115,1266.2395833333333
1/11/2017,02TAT-115,1205.0529166666668
1/11/2017,02TBH-85,1224.4424999999999
1/11/2017,02TBL-115,1190.1841666666664
1/11/2017,02TBQ-115,1237.1212500000001
1/11/2017,02TCA-115,1244.2133333333334
1/11/2017,02TCE-115,1265.7970833333334
1/11/2017,02TCH-115,1235.9758333333336
1/11/2017,02TCL-115,1197.4124999999997
1/11/2017,02TCT-115,1244.2649999999996
1/11/2017,02TCX-115,1259.3041666666668
1/11/2017,02TDD-115,1174.8225
1/11/2017,02TEZ-115,1222.64
1/11/2017,02TGD-115,1221.2483333333332
1/11/2017,02TGU-115,1217.1883333333337
1/11/2017,02THD-115,1130.2708333333333
1/11/2017,02THN-115,1232.3379166666666
1/11/2017,02THP-400,1222.2404166666665
1/11/2017,02THT-115,1119.1725
1/11/2017,02THU-115,1380.345
1/11/2017,02TIE-115,1261.667083333333
1/11/2017,02TIL-69,1261.885
1/11/2017,02TJA-115,1225.2187499999998
1/11/2017,02TJR-115,1157.1333333333334
1/11/2017,02TKN-115,1195.2370833333334
1/11/2017,02TLD-115,1211.6787499999998
1/11/2017,02TLE-115,1232.3945833333335
1/11/2017,02TLL-115,1234.6316666666664
1/11/2017,02TLM-115,1195.3400000000004
1/11/2017,02TLN-115,1230.0466666666664
1/11/2017,02TLY-115,1162.8466666666666
1/11/2017,02TLZ-85,1226.7383333333335
1/11/2017,02TML-115,1215.1283333333336
1/11/2017,02TMU-115,1186.3466666666668
1/11/2017,02TMU-230,1192.0449999999998
1/11/2017,02TMX-85,1223.8504166666667
1/11/2017,02TMZ-69,1266.2162500000002
1/11/2017,02TNA-115,1214.7929166666665
1/11/2017,02TNJ-115,1199.8212500000002
1/11/2017,02TNL-115,1114.5520833333337
1/11/2017,02TNP-115,1187.0204166666667
1/11/2017,02TNQ-115,1282.3204166666667
1/11/2017,02TNZ-115,1200.6745833333332
1/11/2017,02TOC-230,1196.2770833333334
1/11/2017,02TOE-115,1233.8883333333335
1/11/2017,02TOY-115,1207.5783333333331
1/11/2017,02TPE-115,1199.70875
1/11/2017,02TPG-115,1188.9754166666664
1/11/2017,02TPI-115,1224.315
1/11/2017,02TPJ-115,1246.5866666666664
1/11/2017,02TPL-115,1228.7895833333332
1/11/2017,02TPS-115,1194.5345833333333
1/11/2017,02TPY-115,1137.6279166666666
1/11/2017,02TRN-115,1178.3870833333333
1/11/2017,02TRP-230,1200.9004166666666
1/11/2017,02TRT-115,1222.6504166666666
1/11/2017,02TSD-230,1160.0645833333335
1/11/2017,02TTA-115,1197.3108333333337
1/11/2017,02TTB-115,1241.51375
1/11/2017,02TTE-400,1132.9054166666667
1/11/2017,02TTG-115,1165.1729166666667
1/11/2017,02TTM-115,1195.09625
1/11/2017,02TTP-115,1251.0729166666667
1/11/2017,02TUD-115,1143.3749999999998
1/11/2017,02TUQ-115,1265.7058333333332
1/11/2017,02TUV-400,1152.3145833333333
1/11/2017,02TVS-115,1186.8791666666666
1/11/2017,02TXD-115,1195.3445833333335
1/11/2017,02TXI-115,1269.4420833333336
1/11/2017,02TXN-115,1217.7949999999998
1/11/2017,02TXO-115,1260.7116666666668
1/11/2017,02TXS-115,1212.338333333333
1/11/2017,02TYS-115,1193.222083333333
1/11/2017,02TZD-115,1160.125
1/11/2017,02TZT-115,1159.8708333333334
1/11/2017,02UCT-115,1207.2412499999998
1/11/2017,02UNL-115,1226.56125
1/11/2017,02UNN-115,1174.924166666667
1/11/2017,02UXD-115,1206.0533333333333
1/11/2017,02UXU-115,1211.4533333333334
1/11/2017,02VAN-115,1205.1545833333332
1/11/2017,02VDA-115,1168.2120833333333
1/11/2017,02VED-115,1210.956666666667
1/11/2017,02VEN-69,1261.7708333333333
1/11/2017,02VFD-115,1242.0825000000002
1/11/2017,02VGS-115,1175.7820833333333
1/11/2017,02VHC-115,1211.1316666666667
1/11/2017,02VID-115,1225.0954166666668
1/11/2017,02VIP-115,1215.4829166666664
1/11/2017,02VIS-115,1210.1283333333333
1/11/2017,02VIU-115,1225.091666666667
1/11/2017,02VMN-230,1098.8133333333335
1/11/2017,02VRU-115,1160.9637500000001
1/11/2017,02VSE-115,1200.386666666667
1/11/2017,02VTB-115,1186.3929166666667
1/11/2017,02VWG-115,1192.14125
1/11/2017,02XCH-85,1229.62125
1/11/2017,02XIP-85,1171.2241666666666
1/11/2017,02XIT-115,1195.5629166666668
1/11/2017,02YCP-230,1210.9166666666667
1/11/2017,02YOL-115,1266.3183333333336
1/11/2017,02ZAP-85,1220.615
1/11/2017,02ZGL-115,1184.9641666666666
1/11/2017,02ZHD-115,1197.8841666666667
1/11/2017,02ZIH-115,1196.7483333333334
1/11/2017,02ZIP-115,1238.3970833333335
1/11/2017,02ZNT-115,1159.2483333333334
1/11/2017,02ZOP-115,1236.4895833333333
1/11/2017,02ZPD-115,1252.5533333333335
1/11/2017,02ZTP-115,1175.8587499999999
1/11/2017,02ZXP-115,1161.6074999999998
1/11/2017,03ABL-115,1238.825
1/11/2017,03ABO-115,1192.2645833333333
1/11/2017,03ABS-115,1230.0266666666669
1/11/2017,03ABT-115,1215.0062500000001
1/11/2017,03ACC-69,1251.34
1/11/2017,03ACP-115,1289.4145833333334
1/11/2017,03ACR-115,1191.9395833333335
1/11/2017,03ACU-69,1257.8604166666667
1/11/2017,03ADE-115,1267.7866666666666
1/11/2017,03ADR-69,1250.5125000000003
1/11/2017,03ADS-69,1258.5249999999999
1/11/2017,03AER-115,1203.5754166666666
1/11/2017,03AET-115,1205.8483333333334
1/11/2017,03AEZ-115,1274.587083333333
1/11/2017,03AGM-115,1230.7491666666665
1/11/2017,03AGM-400,1232.3375
1/11/2017,03AGN-115,1240.3004166666663
1/11/2017,03AGO-115,1239.1570833333335
1/11/2017,03AGP-115,1240.006666666667
1/11/2017,03AGS-115,1238.9825
1/11/2017,03AGZ-230,1245.1541666666665
1/11/2017,03AHN-115,1267.6516666666666
1/11/2017,03AIA-115,1203.7575
1/11/2017,03AIL-115,1230.872916666667
1/11/2017,03AIS-115,1236.9575000000002
1/11/2017,03ALA-69,1256.236666666667
1/11/2017,03ALF-115,1237.1441666666672
1/11/2017,03ALK-69,1261.9608333333335
1/11/2017,03ALM-115,1197.4820833333333
1/11/2017,03ALM-69,1255.0466666666669
1/11/2017,03ALS-230,1245.2170833333332
1/11/2017,03ALU-115,1188.699166666667
1/11/2017,03AMB-115,1199.5674999999999
1/11/2017,03AMK-115,1263.6908333333333
1/11/2017,03AMT-69,1255.3812500000001
1/11/2017,03AMX-69,1277.2570833333336
1/11/2017,03ANN-115,1237.4104166666668
1/11/2017,03APA-115,1182.562916666667
1/11/2017,03APO-115,1198.6937500000001
1/11/2017,03APP-115,1218.0204166666665
1/11/2017,03APR-230,1243.205416666667
1/11/2017,03APS-115,1198.5708333333334
1/11/2017,03APT-115,1235.2120833333333
1/11/2017,03APZ-115,1235.4775000000002
1/11/2017,03AQM-115,1191.6016666666667
1/11/2017,03ARA-115,1191.9395833333335
1/11/2017,03ARD-115,1232.4304166666666
1/11/2017,03ARL-115,1206.8420833333337
1/11/2017,03ARS-115,1300.39875
1/11/2017,03ART-115,1275.7250000000001
1/11/2017,03ASM-115,1224.3258333333333
1/11/2017,03ASS-115,1241.3837500000002
1/11/2017,03ASU-115,1239.5441666666668
1/11/2017,03ATE-115,1246.4904166666668
1/11/2017,03ATO-115,1285.8266666666666
1/11/2017,03ATV-115,1193.00875
1/11/2017,03AUD-115,1214.0875
1/11/2017,03AUT-115,1244.0875
1/11/2017,03AVE-115,1299.3795833333334
1/11/2017,03AVN-115,1188.995
1/11/2017,03AVT-115,1245.9741666666666
1/11/2017,03AXL-115,1246.242083333333
1/11/2017,03AYA-115,1240.89875
1/11/2017,03AYL-115,1221.7025000000003
1/11/2017,03AYN-115,1291.7250000000001
1/11/2017,03AYU-115,1240.99375
1/11/2017,03AZA-115,1245.569166666667
1/11/2017,03AZF-115,1164.9916666666668
1/11/2017,03AZS-115,1164.9916666666668
1/11/2017,03BAN-115,1260.0008333333335
1/11/2017,03BCT-115,1227.4941666666666
1/11/2017,03BLA-115,1342.3141666666666
1/11/2017,03BNA-115,1195.7166666666665
1/11/2017,03BNL-115,1189.1133333333335
1/11/2017,03BOC-115,1185.9708333333333
1/11/2017,03BOL-115,1342.2308333333335
1/11/2017,03BON-115,1322.5220833333333
1/11/2017,03BOQ-115,1217.212083333333
1/11/2017,03BOS-115,1188.9566666666667
1/11/2017,03BRC-115,1264.3083333333332
1/11/2017,03BRI-115,1238.9333333333332
1/11/2017,03BRN-115,1208.15
1/11/2017,03BUG-69,1262.4458333333334
1/11/2017,03BVN-115,1195.1166666666666
1/11/2017,03CAB-115,1199.0974999999996
1/11/2017,03CAE-115,1216.5370833333334
1/11/2017,03CAG-115,1284.337083333333
1/11/2017,03CAI-115,1280.8549999999998
1/11/2017,03CAK-115,1197.3454166666666
1/11/2017,03CAL-115,1270.0433333333333
1/11/2017,03CAM-115,1201.7375
1/11/2017,03CBN-69,1220.5933333333335
1/11/2017,03CBO-69,1254.5933333333335
1/11/2017,03CCR-115,1249.7429166666664
1/11/2017,03CDH-115,1188.7016666666666
1/11/2017,03CDI-115,1200.3591666666664
1/11/2017,03CDM-115,1188.8012500000002
1/11/2017,03CDR-115,1235.075
1/11/2017,03CDT-115,1191.7770833333334
1/11/2017,03CEE-115,1269.5125
1/11/2017,03CEY-115,1215.5575000000001
1/11/2017,03CGM-115,1241.4204166666666
1/11/2017,03CGS-115,1283.3054166666668
1/11/2017,03CHA-69,1264.6766666666665
1/11/2017,03CHC-69,1318.8579166666666
1/11/2017,03CHI-115,1165.0629166666668
1/11/2017,03CHK-115,1195.3487499999999
1/11/2017,03CHN-115,1228.2487499999997
1/11/2017,03CHT-115,1210.8970833333335
1/11/2017,03CHY-115,1234.524583333333
1/11/2017,03CIA-115,1290.1704166666666
1/11/2017,03CIF-115,1224.1341666666665
1/11/2017,03CIG-69,1262.6879166666668
1/11/2017,03CIM-115,1197.3975000000003
1/11/2017,03CJN-400,1234.8454166666663
1/11/2017,03CLA-115,1255.3970833333333
1/11/2017,03CLF-115,1166.5041666666668
1/11/2017,03CLJ-115,1245.2195833333335
1/11/2017,03CLL-69,1244.1270833333333
1/11/2017,03CLN-230,1246.4258333333335
1/11/2017,03CLP-115,1217.91
1/11/2017,03CLY-115,1212.4370833333335
1/11/2017,03CME-115,1230.28125
1/11/2017,03CMF-115,1278.0987499999999
1/11/2017,03CML-115,1216.6070833333333
1/11/2017,03CMN-115,1243.033333333333
1/11/2017,03CMP-115,1265.010833333333
1/11/2017,03CMS-115,1220.3487499999999
1/11/2017,03CMX-230,1201.3075000000003
1/11/2017,03CMX-69,1264.77375
1/11/2017,03CMZ-115,1237.745
1/11/2017,03CNL-115,1271.6533333333334
1/11/2017,03CNO-115,1231.5145833333333
1/11/2017,03CNS-69,1255.4262500000002
1/11/2017,03COC-69,1250.997916666667
1/11/2017,03COI-115,1187.3279166666669
1/11/2017,03COK-115,1191.7966666666666
1/11/2017,03CON-115,1242.675833333333
1/11/2017,03COO-115,1217.752083333333
1/11/2017,03CPE-115,1219.1691666666668
1/11/2017,03CPI-115,1262.0458333333333
1/11/2017,03CPO-115,1188.8950000000002
1/11/2017,03CPT-161,1215.8679166666668
1/11/2017,03CRD-115,1216.325
1/11/2017,03CRN-115,1270.2908333333332
1/11/2017,03CRP-115,1213.5991666666666
1/11/2017,03CRZ-115,1231.4283333333333
1/11/2017,03CSF-115,1189.22
1/11/2017,03CST-69,1252.5479166666669
1/11/2017,03CTA-69,1253.29375
1/11/2017,03CTI-115,1217.9745833333334
1/11/2017,03CTJ-115,1264.9337500000001
1/11/2017,03CTZ-115,1235.7141666666664
1/11/2017,03CUB-115,1239.9400000000003
1/11/2017,03CUE-115,1228.1237500000002
1/11/2017,03CUV-115,1261.6762500000002
1/11/2017,03CVO-115,1273.1783333333333
1/11/2017,03CYA-115,1205.4149999999997
1/11/2017,03CYI-115,1204.9879166666665
1/11/2017,03CYS-115,1211.34375
1/11/2017,03CZA-230,1250.090416666667
1/11/2017,03CZO-115,1269.3433333333335
1/11/2017,03CZR-115,1219.0800000000002
1/11/2017,03CZS-115,1207.7829166666668
1/11/2017,03DEA-230,1216.0508333333335
1/11/2017,03DEN-115,1258.1141666666667
1/11/2017,03DEO-115,1210.7154166666667
1/11/2017,03DHD-115,1165.6645833333334
1/11/2017,03DIC-115,1188.805
1/11/2017,03DLC-115,1188.37875
1/11/2017,03DLT-115,1213.8941666666667
1/11/2017,03DNN-115,1228.2795833333332
1/11/2017,03DSC-69,1190.6249999999998
1/11/2017,03DST-115,1262.905
1/11/2017,03DTX-115,1192.9083333333333
1/11/2017,03DXM-115,1188.9054166666665
1/11/2017,03EAT-115,1188.1383333333335
1/11/2017,03ECO-115,1191.47
1/11/2017,03EDA-115,1281.6216666666667
1/11/2017,03EDO-69,1260.4975000000002
1/11/2017,03EFF-115,1269.0750000000003
1/11/2017,03EGJ-115,1245.885
1/11/2017,03ELA-115,1239.1995833333333
1/11/2017,03ELE-115,1192.236666666667
1/11/2017,03ELR-115,1155.4470833333332
1/11/2017,03ELT-69,1258.7020833333333
1/11/2017,03EME-115,1203.1616666666666
1/11/2017,03EMM-115,1269.4995833333335
1/11/2017,03EMP-69,1255.16875
1/11/2017,03ENC-115,1262.0729166666667
1/11/2017,03ENV-69,1249.0479166666667
1/11/2017,03ESJ-69,1249.6566666666663
1/11/2017,03ESO-115,1259.1691666666668
1/11/2017,03ETA-115,1267.8491666666666
1/11/2017,03EVI-400,1318.8591666666669
1/11/2017,03EVS-69,1251.1129166666667
1/11/2017,03EXP-69,1254.4225
1/11/2017,03EYT-115,1280.9079166666668
1/11/2017,03EZM-115,1213.459583333333
1/11/2017,03FAJ-115,1377.0300000000004
1/11/2017,03FDP-115,1206.4862500000002
1/11/2017,03FER-69,1265.0708333333332
1/11/2017,03FLA-115,1261.1449999999998
1/11/2017,03FLU-115,1265.3295833333334
1/11/2017,03FNO-115,1275.71875
1/11/2017,03FRA-115,1193.9591666666668
1/11/2017,03FRE-69,1260.2900000000002
1/11/2017,03FRI-115,1273.5783333333331
1/11/2017,03FRJ-115,1194.0170833333334
1/11/2017,03FRN-115,1270.0604166666665
1/11/2017,03FSM-115,1185.8812500000001
1/11/2017,03FVS-115,1189.1145833333333
1/11/2017,03GAS-115,1188.9670833333332
1/11/2017,03GAT-69,1260.6362500000002
1/11/2017,03GDL-115,1236.3725000000002
1/11/2017,03GDO-69,1241.6266666666668
1/11/2017,03GDU-230,1246.0975000000003
1/11/2017,03GDU-69,1255.2074999999998
1/11/2017,03GKN-115,1217.9750000000001
1/11/2017,03GMC-115,1251.4512499999998
1/11/2017,03GOP-115,1244.4266666666665
1/11/2017,03GOS-69,1248.7358333333334
1/11/2017,03GPE-115,1279.2825
1/11/2017,03GRH-115,1228.1583333333335
1/11/2017,03GRI-115,1210.3716666666667
1/11/2017,03GRP1115,1223.3179166666666
1/11/2017,03GRP2115,1188.8670833333333
1/11/2017,03GRU-115,1264.7366666666667
1/11/2017,03GSO-115,1261.0095833333332
1/11/2017,03GSU-115,1239.8799999999999
1/11/2017,03GTO-115,1239.5808333333332
1/11/2017,03GUD-161,1245.005
1/11/2017,03GUD-69,1243.0466666666664
1/11/2017,03GUI-230,1246.7966666666666
1/11/2017,03GUN-230,1243.3208333333334
1/11/2017,03GUN-69,1244.4241666666665
1/11/2017,03GVA-115,1266.8387500000001
1/11/2017,03GYS-115,1271.1633333333332
1/11/2017,03HCH-115,1241.6850000000002
1/11/2017,03HDA-115,1216.8845833333332
1/11/2017,03HDZ-115,1338.4312499999999
1/11/2017,03HEM-115,1213.9525
1/11/2017,03HER-115,1188.8083333333332
1/11/2017,03HIG-69,1276.7708333333333
1/11/2017,03HIT-115,1190.8708333333334
1/11/2017,03HMA-115,1268.70125
1/11/2017,03HND-115,1205.4654166666667
1/11/2017,03HNM-115,1237.4512499999998
1/11/2017,03HNV-115,1283.4475000000002
1/11/2017,03HOL-115,1193.0862499999998
1/11/2017,03HON-69,1250.1066666666668
1/11/2017,03HTA-115,1195.3541666666667
1/11/2017,03HUC-69,1290.9920833333333
1/11/2017,03HUM-115,1262.8687499999999
1/11/2017,03HUN-69,1252.7895833333334
1/11/2017,03HYL-69,1260.0020833333333
1/11/2017,03IBM-69,1243.1333333333334
1/11/2017,03ICB-115,1208.6516666666666
1/11/2017,03IMM-115,1197.035
1/11/2017,03IMP-115,1231.0258333333334
1/11/2017,03INE-115,1219.5725
1/11/2017,03ING-69,1297.4595833333335
1/11/2017,03INN-115,1241.17
1/11/2017,03INP-69,1258.6412500000001
1/11/2017,03INV-115,1192.8745833333335
1/11/2017,03IPP-115,1229.9054166666667
1/11/2017,03IRA-115,1223.7175
1/11/2017,03IRI-115,1227.7508333333333
1/11/2017,03IRP-115,1230.3008333333335
1/11/2017,03IRV-115,1231.0049999999999
1/11/2017,03ISF-115,1241.7795833333332
1/11/2017,03ITA-115,1194.0941666666668
1/11/2017,03ITL-115,1262.055833333333
1/11/2017,03JAP-115,1299.9120833333332
1/11/2017,03JAT-115,1240.415
1/11/2017,03JBL-69,1254.5045833333331
1/11/2017,03JCN-115,1243.4245833333332
1/11/2017,03JCR-115,1179.8904166666666
1/11/2017,03JCT-69,1250.0779166666666
1/11/2017,03JDA-115,1262.5854166666668
1/11/2017,03JDL-115,1252.4641666666666
1/11/2017,03JDP-115,1224.9329166666664
1/11/2017,03JEM-115,1239.685416666667
1/11/2017,03JIQ-115,1269.90375
1/11/2017,03JLT-115,1248.66625
1/11/2017,03JMA-115,1296.2079166666665
1/11/2017,03JOG-115,1276.8608333333332
1/11/2017,03JRU-115,1267.2629166666668
1/11/2017,03JRZ-115,1304.0041666666664
1/11/2017,03JTC-115,1236.9583333333335
1/11/2017,03JUR-115,1204.5358333333336
1/11/2017,03JYU-115,1236.5770833333331
1/11/2017,03KAL-115,1187.4708333333335
1/11/2017,03KDA-230,1236.17125
1/11/2017,03KDK-69,1260.865
1/11/2017,03KEL-115,1199.3416666666667
1/11/2017,03KIM-115,1192.2470833333334
1/11/2017,03KIT-115,1240.5016666666666
1/11/2017,03KRP-115,1188.8799999999999
1/11/2017,03LAE-115,1230.4816666666666
1/11/2017,03LAG-115,1230.5929166666667
1/11/2017,03LAL-115,1228.0758333333333
1/11/2017,03LAM-115,1190.8108333333332
1/11/2017,03LAS-115,1289.2300000000002
1/11/2017,03LCN-115,1253.3829166666667
1/11/2017,03LDE-230,1154.930833333333
1/11/2017,03LEC-69,1260.8416666666667
1/11/2017,03LGG-115,1261.83
1/11/2017,03LGL-115,1240.0991666666669
1/11/2017,03LGS-115,1269.562083333333
1/11/2017,03LHT-115,1227.7191666666668
1/11/2017,03LJY-115,1241.5087499999997
1/11/2017,03LLM-115,1202.7199999999998
1/11/2017,03LMB-69,1223.305
1/11/2017,03LMY-115,1269.39625
1/11/2017,03LNA-115,1246.20875
1/11/2017,03LNM-115,1245.8575
1/11/2017,03LNN-115,1244.6970833333332
1/11/2017,03LNO-115,1248.12375
1/11/2017,03LNP-115,1242.1108333333334
1/11/2017,03LNU-115,1239.6808333333333
1/11/2017,03LOG-115,1190.5820833333332
1/11/2017,03LOR-115,1266.8629166666667
1/11/2017,03LPI-115,1261.2720833333333
1/11/2017,03LPL-115,1276.7704166666667
1/11/2017,03LPM-115,1227.93
1/11/2017,03LPP-115,1257.8654166666665
1/11/2017,03LPS-69,1262.11
1/11/2017,03LRE-115,1244.7945833333333
1/11/2017,03LSA-115,1257.733333333333
1/11/2017,03LSV-230,1181.0933333333335
1/11/2017,03LTI-115,1188.7366666666667
1/11/2017,03LTL-115,1245.0645833333333
1/11/2017,03LVG-69,1263.7566666666664
1/11/2017,03LVR-115,1267.8033333333333
1/11/2017,03LVT-69,1246.3099999999997
1/11/2017,03LYE-400,1234.8141666666668
1/11/2017,03MAB1115,1205.6866666666667
1/11/2017,03MAB2115,1188.7645833333333
1/11/2017,03MAH-115,1239.5470833333334
1/11/2017,03MAL-115,1186.6950000000004
1/11/2017,03MAZ-115,1215.0229166666668
1/11/2017,03MBE-115,1196.96
1/11/2017,03MBL-115,1189.042083333333
1/11/2017,03MCH-115,1194.540833333333
1/11/2017,03MCH-69,1257.802083333333
1/11/2017,03MDM-115,1239.8
1/11/2017,03MEL-115,1220.2725
1/11/2017,03MGT-115,1229.1508333333334
1/11/2017,03MGU-115,1381.698333333333
1/11/2017,03MHI-115,1194.1937500000001
1/11/2017,03MHR-115,1249.8708333333332
1/11/2017,03MHS-115,1255.1845833333332
1/11/2017,03MIC-115,1192.9775000000002
1/11/2017,03MIG-115,1253.075416666667
1/11/2017,03MIL-69,1268.39375
1/11/2017,03MIN-69,1276.8633333333332
1/11/2017,03MKI-115,1240.3908333333334
1/11/2017,03MLE-115,1266.9154166666667
1/11/2017,03MLO-115,1237.1062499999996
1/11/2017,03MLP-115,1259.8637500000002
1/11/2017,03MLQ-115,1215.2708333333335
1/11/2017,03MLS-115,1188.9549999999997
1/11/2017,03MNC-115,1209.5225000000003
1/11/2017,03MNR-230,1184.8704166666666
1/11/2017,03MNS-115,1183.84
1/11/2017,03MNT-115,1242.2191666666665
1/11/2017,03MNZ-230,1199.6891666666666
1/11/2017,03MNZ-400,1200.5591666666667
1/11/2017,03MOD-69,1260.9487499999998
1/11/2017,03MOI-115,1211.9175
1/11/2017,03MOJ-69,1254.5191666666667
1/11/2017,03MOR-115,1217.9745833333338
1/11/2017,03MPO-115,1303.8716666666667
1/11/2017,03MPQ-115,1192.4941666666666
1/11/2017,03MQO-115,1199.8716666666667
1/11/2017,03MRA1115,1239.0883333333334
1/11/2017,03MRA2115,1283.8704166666669
1/11/2017,03MRB-115,1233.8466666666666
1/11/2017,03MRD-115,1221.33125
1/11/2017,03MRE-115,1241.7933333333333
1/11/2017,03MRM-115,1208.7058333333334
1/11/2017,03MRQ-115,1197.4820833333333
1/11/2017,03MRR-115,1229.2924999999998
1/11/2017,03MRS-115,1239.753333333333
1/11/2017,03MSJ-115,1184.5591666666667
1/11/2017,03MST-115,1279.3016666666665
1/11/2017,03MTC-115,1229.9266666666667
1/11/2017,03MTE-115,1232.5683333333334
1/11/2017,03MTL-115,1189.168333333333
1/11/2017,03MTO-115,1239.7508333333333
1/11/2017,03MXJ-69,1262.1233333333332
1/11/2017,03MXT-115,1267.4820833333333
1/11/2017,03MYO-115,1247.2658333333334
1/11/2017,03MZI-115,1269.3441666666665
1/11/2017,03MZM-115,1190.0841666666668
1/11/2017,03NGA-115,1185.3333333333333
1/11/2017,03NGT-115,1268.1866666666667
1/11/2017,03NHE-230,1243.9579166666665
1/11/2017,03NKA-69,1249.365
1/11/2017,03NSS-115,1241.24375
1/11/2017,03NST-115,1196.9716666666666
1/11/2017,03NTA-115,1198.5208333333333
1/11/2017,03NTP-115,1189.2220833333333
1/11/2017,03NVI-69,1241.0433333333333
1/11/2017,03OCL-115,1274.1645833333334
1/11/2017,03OCN-115,1261.6291666666664
1/11/2017,03OJO-115,1205.6695833333333
1/11/2017,03OJU-115,1261.42625
1/11/2017,03OMG-115,1240.4958333333332
1/11/2017,03PAB-115,1247.110416666667
1/11/2017,03PAD-115,1240.8329166666667
1/11/2017,03PAL-115,1247.03875
1/11/2017,03PAO-115,1250.2879166666667
1/11/2017,03PAP1115,1239.7745833333333
1/11/2017,03PAP2115,1188.7708333333335
1/11/2017,03PBN-115,1268.8470833333333
1/11/2017,03PCS-115,1234.915
1/11/2017,03PDG-115,1222.5925000000002
1/11/2017,03PDR-115,1187.3933333333332
1/11/2017,03PEC-115,1230.6125000000002
1/11/2017,03PEM-115,1215.4299999999998
1/11/2017,03PEN1115,1241.9641666666664
1/11/2017,03PEN2115,1260.90625
1/11/2017,03PER-115,1192.6325000000002
1/11/2017,03PFN-115,1309.0166666666667
1/11/2017,03PGM-115,1223.9479166666667
1/11/2017,03PGN-69,1257.2904166666667
1/11/2017,03PIR-115,1258.4575
1/11/2017,03PIZ-115,1249.7299999999998
1/11/2017,03PMX-115,1213.5762499999998
1/11/2017,03PMY-400,1319.16375
1/11/2017,03PNC-115,1271.7837500000003
1/11/2017,03PNJ-115,1241.9675
1/11/2017,03PNL-69,1258.59625
1/11/2017,03PNO-115,1284.0454166666666
1/11/2017,03PNQ-400,1353.8904166666666
1/11/2017,03PNR-69,1246.1308333333332
1/11/2017,03PNS-115,1181.743333333333
1/11/2017,03PNV-115,1231.7075
1/11/2017,03POD-115,1223.93625
1/11/2017,03POL-115,1208.1125
1/11/2017,03POL-69,1254.8370833333336
1/11/2017,03PON-115,1191.8495833333334
1/11/2017,03POR-115,1198.7391666666667
1/11/2017,03POT-115,1208.5083333333334
1/11/2017,03PPG-115,1191.6837500000001
1/11/2017,03PQI-69,1248.3087500000004
1/11/2017,03PRL-115,1272.2175
1/11/2017,03PRO-115,1178.8520833333334
1/11/2017,03PRP-115,1220.4
1/11/2017,03PRT-115,1200.2658333333334
1/11/2017,03PTD-69,1257.2904166666667
1/11/2017,03PTE-69,1255.8308333333337
1/11/2017,03PTI-115,1258.1445833333335
1/11/2017,03PTL-115,1262.6104166666667
1/11/2017,03PTN-115,1235.34625
1/11/2017,03PUR-115,1231.9804166666665
1/11/2017,03PUU-69,1300.2749999999999
1/11/2017,03QMR-115,1198.781666666667
1/11/2017,03QPE-115,1204.0808333333332
1/11/2017,03QRE-115,1202.3108333333334
1/11/2017,03QRI-115,1203.2362499999997
1/11/2017,03QRN-115,1200.6787499999998
1/11/2017,03QRO-115,1191.7145833333336
1/11/2017,03QRP-115,1189.5379166666667
1/11/2017,03QRS-115,1196.5904166666664
1/11/2017,03RAE-69,1245.3374999999999
1/11/2017,03RAG-115,1301.4945833333331
1/11/2017,03RGR-115,1341.6379166666668
1/11/2017,03RIG-115,1326.3850000000002
1/11/2017,03RTA-115,1247.2983333333332
1/11/2017,03RXM-115,1195.9441666666667
1/11/2017,03RYM-115,1241.0295833333332
1/11/2017,03RYS-115,1267.4350000000002
1/11/2017,03SAC-69,1249.6408333333334
1/11/2017,03SAG-69,1260.26
1/11/2017,03SAJ-69,1260.3241666666665
1/11/2017,03SAM-115,1196.8166666666668
1/11/2017,03SAN-115,1256.096666666667
1/11/2017,03SAP-115,1156.8883333333335
1/11/2017,03SAT-115,1202.3183333333334
1/11/2017,03SAU-230,1184.3137500000003
1/11/2017,03SCA-115,1250.8549999999998
1/11/2017,03SCC-115,1239.9866666666667
1/11/2017,03SCG-230,1214.92625
1/11/2017,03SCH-69,1260.7429166666666
1/11/2017,03SCI-69,1245.8325000000002
1/11/2017,03SCJ-115,1260.3195833333334
1/11/2017,03SCM-115,1272.1954166666667
1/11/2017,03SCM-69,1272.1954166666667
1/11/2017,03SCR-69,1248.5475000000004
1/11/2017,03SCU-69,1254.0441666666666
1/11/2017,03SCZ-115,1214.1775
1/11/2017,03SDD-115,1159.2745833333336
1/11/2017,03SDP-115,1159.37375
1/11/2017,03SEA-115,1230.7820833333333
1/11/2017,03SEI-115,1187.3233333333335
1/11/2017,03SEL-115,1190.8262499999998
1/11/2017,03SFC-115,1270.7362500000002
1/11/2017,03SFD-115,1258.1141666666667
1/11/2017,03SFL-115,1168.4983333333332
1/11/2017,03SFQ-115,1252.6633333333332
1/11/2017,03SFR-115,1242.3629166666667
1/11/2017,03SFS-115,1199.5841666666665
1/11/2017,03SGB-115,1190.91625
1/11/2017,03SGS-115,1182.0258333333331
1/11/2017,03SHU-115,1188.64125
1/11/2017,03SHY-115,1270.5645833333335
1/11/2017,03SIB-230,1214.5025000000003
1/11/2017,03SIE-69,1262.9124999999997
1/11/2017,03SIL-115,1250.35875
1/11/2017,03SIS-69,1257.7266666666665
1/11/2017,03SJE-115,1279.3729166666667
1/11/2017,03SJI-115,1182.9608333333333
1/11/2017,03SJM-115,1190.3375
1/11/2017,03SJO-115,1190.9925
1/11/2017,03SJR-115,1191.8470833333333
1/11/2017,03SJZ-115,1210.9133333333336
1/11/2017,03SLH-115,1209.1704166666668
1/11/2017,03SLI-115,1190.470833333333
1/11/2017,03SLM-115,1213.489583333333
1/11/2017,03SLM-230,1214.8591666666669
1/11/2017,03SLN-115,1215.444166666667
1/11/2017,03SLO-115,1191.2904166666665
1/11/2017,03SLP-115,1188.5425
1/11/2017,03SLP-230,1188.0300000000002
1/11/2017,03SLT-69,1263.0845833333333
1/11/2017,03SLW-115,1190.6991666666668
1/11/2017,03SLY-115,1269.6699999999998
1/11/2017,03SMF-115,1191.28875
1/11/2017,03SMR-230,1244.2125000000003
1/11/2017,03SMS-115,1190.02
1/11/2017,03SNA-115,1311.3733333333334
1/11/2017,03SND-115,1217.5075
1/11/2017,03SNE-115,1187.64375
1/11/2017,03SNG-115,1190.9441666666667
1/11/2017,03SNI-115,1256.9429166666669
1/11/2017,03SNM-115,1220.07
1/11/2017,03SOL-69,1260.5845833333333
1/11/2017,03SPB-69,1261.0391666666667
1/11/2017,03SPL-115,1239.5991666666666
1/11/2017,03SPO-115,1214.0937499999998
1/11/2017,03SPR-115,1193.2112499999998
1/11/2017,03SPT-115,1188.49
1/11/2017,03SRM-115,1229.5391666666667
1/11/2017,03SRO-69,1250.5158333333334
1/11/2017,03SRQ-115,1254.5483333333334
1/11/2017,03SSU-115,1214.1666666666667
1/11/2017,03STE-115,1280.4437499999997
1/11/2017,03STF-115,1182.6033333333332
1/11/2017,03STG-115,1215.230416666667
1/11/2017,03STI-115,1233.3825
1/11/2017,03STO-69,1265.3145833333333
1/11/2017,03SUN-115,1223.8437500000002
1/11/2017,03SVT-115,1202.47875
1/11/2017,03SYL-115,1254.9904166666668
1/11/2017,03TAG-115,1241.4075
1/11/2017,03TAH-115,1281.6066666666666
1/11/2017,03TAP-115,1204.0479166666667
1/11/2017,03TAR-69,1225.3520833333334
1/11/2017,03TAY-115,1261.5466666666669
1/11/2017,03TAZ-115,1249.832083333333
1/11/2017,03TBK-115,1242.7070833333332
1/11/2017,03TCN-115,1244.5266666666666
1/11/2017,03TCS-115,1234.57
1/11/2017,03TCT-115,1270.1733333333334
1/11/2017,03TCZ-115,1239.4745833333336
1/11/2017,03TDC-115,1198.7079166666665
1/11/2017,03TEC-115,1217.399583333333
1/11/2017,03TEL-115,1293.08625
1/11/2017,03TEN-115,1190.001666666667
1/11/2017,03TEO-115,1241.6058333333335
1/11/2017,03TEQ-115,1204.2175
1/11/2017,03TER-115,1240.715
1/11/2017,03TES-115,1239.7645833333333
1/11/2017,03TGM-115,1199.0933333333332
1/11/2017,03TGO-115,1306.47
1/11/2017,03TGR-115,1230.0829166666665
1/11/2017,03TGS-115,1208.513333333333
1/11/2017,03TID-115,1243.8866666666668
1/11/2017,03TIS-115,1188.7700000000002
1/11/2017,03TIT-69,1260.7020833333333
1/11/2017,03TJD-115,1197.7883333333336
1/11/2017,03TLA-69,1259.0929166666667
1/11/2017,03TLO-115,1303.8675
1/11/2017,03TMG-115,1190.83625
1/11/2017,03TMI-115,1260.1016666666667
1/11/2017,03TMY-115,1193.1762500000002
1/11/2017,03TNI-69,1262.5829166666665
1/11/2017,03TOA-115,1221.4370833333335
1/11/2017,03TOO-115,1254.5016666666668
1/11/2017,03TPA-69,1277.6633333333334
1/11/2017,03TPD-115,1250.92625
1/11/2017,03TPT-115,1283.24125
1/11/2017,03TPY-115,1208.6958333333332
1/11/2017,03TQA-69,1263.9675
1/11/2017,03TQT-115,1188.7983333333332
1/11/2017,03TRB-115,1218.4624999999999
1/11/2017,03TRJ-115,1241.9316666666668
1/11/2017,03TSM-115,1210.7450000000001
1/11/2017,03TSN-69,1236.9229166666667
1/11/2017,03TTO-115,1274.3645833333333
1/11/2017,03TTR-115,1202.2412499999998
1/11/2017,03TUX-115,1251.34875
1/11/2017,03TUZ-230,1240.8508333333332
1/11/2017,03TXP-115,1200.7450000000001
1/11/2017,03TXS-115,1241.1379166666668
1/11/2017,03TYA-115,1243.2037500000001
1/11/2017,03UAG-69,1257.9545833333334
1/11/2017,03UPT-115,1225.5266666666664
1/11/2017,03URG-115,1236.9245833333332
1/11/2017,03USM-115,1246.1858333333334
1/11/2017,03UVM-69,1257.7475
1/11/2017,03UVX-115,1215.7795833333334
1/11/2017,03VAR-115,1214.7883333333334
1/11/2017,03VAS-115,1221.4866666666667
1/11/2017,03VAT1115,1189.01625
1/11/2017,03VAT2115,1230.697916666667
1/11/2017,03VAV-115,1239.1833333333334
1/11/2017,03VCS-69,1280.2995833333332
1/11/2017,03VDA-115,1229.2329166666666
1/11/2017,03VDL-115,1261.2687499999997
1/11/2017,03VDR-115,1174.4937499999999
1/11/2017,03VDR-230,1177.1287499999999
1/11/2017,03VEL-115,1216.7033333333336
1/11/2017,03VGP-115,1263.8337499999998
1/11/2017,03VHO-115,1283.1175000000003
1/11/2017,03VID-69,1257.3733333333334
1/11/2017,03VIG-115,1219.8529166666667
1/11/2017,03VIH-115,1278.1045833333335
1/11/2017,03VIJ-115,1227.4779166666667
1/11/2017,03VIZ-115,1233.2687500000002
1/11/2017,03VJU-115,1242.6558333333335
1/11/2017,03VLT-115,1179.7141666666669
1/11/2017,03VNC-115,1270.48375
1/11/2017,03VPS-115,1288.1145833333333
1/11/2017,03VQM-230,1212.8504166666664
1/11/2017,03VRA-115,1190.4891666666665
1/11/2017,03VRR-115,1196.9370833333335
1/11/2017,03VRS-115,1270.6391666666666
1/11/2017,03VRT1115,1188.3008333333335
1/11/2017,03VRT2115,1265.9595833333335
1/11/2017,03VT2-115,1179.7704166666667
1/11/2017,03VTC-115,1181.2887500000002
1/11/2017,03VTM-115,1180.1545833333332
1/11/2017,03VTS-115,1189.899583333333
1/11/2017,03VWS-115,1258.2175
1/11/2017,03XLS-115,1241.2058333333334
1/11/2017,03YUR-115,1282.1966666666665
1/11/2017,03ZAD-115,1283.4033333333334
1/11/2017,03ZAG-115,1187.63625
1/11/2017,03ZAL-69,1249.0933333333335
1/11/2017,03ZCP-115,1230.2883333333336
1/11/2017,03ZCS-115,1278.8112500000004
1/11/2017,03ZCT-115,1279.6479166666666
1/11/2017,03ZID-115,1241.11875
1/11/2017,03ZIM-115,1241.1704166666668
1/11/2017,03ZIN-115,1181.1958333333334
1/11/2017,03ZIT-115,1206.4179166666665
1/11/2017,03ZLT-69,1256.53
1/11/2017,03ZMA-115,1245.27625
1/11/2017,03ZMN-115,1205.96375
1/11/2017,03ZMN-230,1200.1575
1/11/2017,03ZMP-69,1222.6195833333334
1/11/2017,03ZPA-230,1244.4658333333332
1/11/2017,03ZQP-69,1250.695
1/11/2017,03ZRP-115,1233.1383333333333
1/11/2017,03ZTD-115,1206.7341666666669
1/11/2017,03ZTI-115,1246.1445833333332
1/11/2017,04AAM-115,1066.4637500000001
1/11/2017,04ACU-115,864.5162500000001
1/11/2017,04AGD-230,735.1233333333334
1/11/2017,04AGI-115,746.4554166666667
1/11/2017,04AGS-115,823.0125000000002
1/11/2017,04AHO-115,1121.2658333333334
1/11/2017,04ALT-115,794.7745833333333
1/11/2017,04ANT-115,784.120833333333
1/11/2017,04ASE-115,790.5962500000002
1/11/2017,04BCH-115,1175.4112500000003
1/11/2017,04BGT-115,832.2475
1/11/2017,04BND-115,992.2245833333335
1/11/2017,04BNV-230,769.0604166666667
1/11/2017,04BRT-115,1117.88125
1/11/2017,04BZI-115,784.0620833333334
1/11/2017,04CAJ-115,991.8600000000001
1/11/2017,04CBA-115,787.8491666666665
1/11/2017,04CCA-115,789.5424999999999
1/11/2017,04CCC-115,1169.8870833333333
1/11/2017,04CCI-115,990.4070833333334
1/11/2017,04CDP-115,935.2995833333334
1/11/2017,04CLA-115,920.1166666666668
1/11/2017,04CLI-115,1171.2045833333336
1/11/2017,04CMI-115,1173.8337499999998
1/11/2017,04CMR-115,1122.29
1/11/2017,04CNT-115,1118.2754166666666
1/11/2017,04COC-115,993.1720833333335
1/11/2017,04COD-115,990.1108333333333
1/11/2017,04COR-115,993.8958333333331
1/11/2017,04COT-115,990.0620833333332
1/11/2017,04CRD-115,864.4458333333336
1/11/2017,04CRZ-115,1052.7620833333333
1/11/2017,04CSA-115,1201.9070833333333
1/11/2017,04CUC-115,1172.7504166666668
1/11/2017,04CUD-115,1170.2779166666667
1/11/2017,04CUI-115,1170.97625
1/11/2017,04CUN-115,1171.1291666666668
1/11/2017,04CUO-115,1169.87375
1/11/2017,04CUS-115,1172.10875
1/11/2017,04CUT-115,1168.4208333333333
1/11/2017,04CUU-115,1173.1891666666668
1/11/2017,04DER-115,819.2795833333333
1/11/2017,04DMA-115,1225.4058333333332
1/11/2017,04DSE-115,786.0166666666665
1/11/2017,04DYN-115,822.3016666666666
1/11/2017,04EFR-230,737.7729166666667
1/11/2017,04EFU-115,1039.8645833333333
1/11/2017,04EPA-115,1270.5195833333332
1/11/2017,04EPM-115,924.7308333333332
1/11/2017,04ETO-115,846.2829166666666
1/11/2017,04FMA-115,917.3095833333333
1/11/2017,04FUC-115,997.4566666666668
1/11/2017,04GML-115,1135.0245833333336
1/11/2017,04GSV-115,1134.9395833333333
1/11/2017,04HAE-230,817.1825
1/11/2017,04HBL-115,1222.7004166666668
1/11/2017,04HCE-115,819.2775000000001
1/11/2017,04HDS-115,997.9716666666667
1/11/2017,04HLC-115,825.0520833333334
1/11/2017,04HLD-115,823.4370833333332
1/11/2017,04HLE-115,820.0195833333333
1/11/2017,04HLI-115,816.2008333333333
1/11/2017,04HLI-230,820.6591666666667
1/11/2017,04HLN-115,823.3758333333334
1/11/2017,04HLO-115,819.59875
1/11/2017,04HLS-115,825.3195833333334
1/11/2017,04HLT-115,817.9354166666667
1/11/2017,04HLU-115,822.7000000000002
1/11/2017,04HMA-115,838.1029166666667
1/11/2017,04HMI-115,824.4529166666666
1/11/2017,04HPO-115,1054.3945833333332
1/11/2017,04HRS-115,1041.94
1/11/2017,04HTS-230,1023.0612500000001
1/11/2017,04HVF-115,1135.7254166666667
1/11/2017,04HYA-115,1158.6345833333332
1/11/2017,04ICA-115,786.7066666666666
1/11/2017,04IMR-115,810.5904166666666
1/11/2017,04ISC-115,818.9591666666666
1/11/2017,04ISM-115,1169.0166666666667
1/11/2017,04JAE-115,1044.4195833333335
1/11/2017,04JJR-115,1122.6033333333332
1/11/2017,04JSP-115,1173.8475
1/11/2017,04LAD-115,819.4066666666668
1/11/2017,04LCF-230,752.1195833333333
1/11/2017,04LCH-115,811.8554166666668
1/11/2017,04LDO-115,803.8712499999998
1/11/2017,04LLB-115,793.8129166666666
1/11/2017,04LMA-115,941.3354166666668
1/11/2017,04LMC-115,1118.575
1/11/2017,04LMD-115,1107.4008333333331
1/11/2017,04LMI-115,1117.290416666667
1/11/2017,04LMT-115,1119.2637499999998
1/11/2017,04LMU-115,1119.0008333333333
1/11/2017,04LPN-115,811.2229166666667
1/11/2017,04LVS-115,1132.3629166666667
1/11/2017,04MAC-115,1225.041666666667
1/11/2017,04MAE-115,1228.865
1/11/2017,04MAP-115,818.0095833333331
1/11/2017,04MCE-115,1119.236666666667
1/11/2017,04MCM-115,1060.1716666666669
1/11/2017,04MFN-115,807.8000000000002
1/11/2017,04MLA-115,940.0358333333332
1/11/2017,04MLV-115,1118.5354166666668
1/11/2017,04MRI-115,1048.9716666666666
1/11/2017,04MRN-115,1225.0116666666665
1/11/2017,04MTE-115,1224.7083333333335
1/11/2017,04MZD-115,1222.1762500000002
1/11/2017,04MZD-230,1223.1904166666666
1/11/2017,04MZN-115,1225.0604166666667
1/11/2017,04MZO-115,1224.7345833333331
1/11/2017,04MZU-115,1223.4441666666667
1/11/2017,04NGN-115,821.45125
1/11/2017,04NGS-115,820.9825000000001
1/11/2017,04NNG-115,823.6058333333334
1/11/2017,04NPO-115,747.8762499999999
1/11/2017,04NRI-230,755.3758333333334
1/11/2017,04NTO-115,1183.7395833333333
1/11/2017,04NVI-115,1054.2316666666668
1/11/2017,04NVJ-115,1048.7483333333332
1/11/2017,04NVL-115,822.8874999999999
1/11/2017,04NVN-115,1052.7783333333334
1/11/2017,04OAS-115,814.9283333333334
1/11/2017,04OBS-230,771.7279166666666
1/11/2017,04OBU-115,992.96
1/11/2017,04OCU-115,793.3545833333332
1/11/2017,04ORI-115,812.7845833333332
1/11/2017,04OVI-115,926.4258333333331
1/11/2017,04PGD-115,917.3699999999999
1/11/2017,04PGD-230,917.7566666666667
1/11/2017,04PIH-115,818.9508333333333
1/11/2017,04PLD-230,765.4599999999999
1/11/2017,04PPA-115,811.6704166666667
1/11/2017,04PRO-115,988.6291666666665
1/11/2017,04PUE-115,818.9529166666666
1/11/2017,04PUP-115,819.03875
1/11/2017,04PYE-115,811.4358333333333
1/11/2017,04QLA-115,1214.7041666666669
1/11/2017,04RGU-115,822.9145833333332
1/11/2017,04RIS-115,824.6154166666666
1/11/2017,04ROS-115,1264.6129166666667
1/11/2017,04SAA-115,1136.3333333333333
1/11/2017,04SBC-115,868.8483333333335
1/11/2017,04SBD-115,866.6704166666667
1/11/2017,04SBE-115,865.69125
1/11/2017,04SBI-115,864.1675
1/11/2017,04SBK-115,866.7174999999999
1/11/2017,04SBN-115,871.7820833333334
1/11/2017,04SBO-115,865.4066666666666
1/11/2017,04SBS-115,864.4391666666667
1/11/2017,04SBT-115,864.8904166666667
1/11/2017,04SBU-115,865.3983333333332
1/11/2017,04SBZ-115,865.7666666666668
1/11/2017,04SCL-115,823.2725
1/11/2017,04SCN-115,769.8391666666666
1/11/2017,04SCN-230,768.9858333333333
1/11/2017,04SCR-115,920.4991666666668
1/11/2017,04SEL-115,868.8483333333335
1/11/2017,04SGU-115,919.13875
1/11/2017,04SHO-115,802.9954166666668
1/11/2017,04SLA-115,1140.2633333333335
1/11/2017,04SNC-115,866.0333333333332
1/11/2017,04SNY-115,823.0125000000002
1/11/2017,04SPE-115,1167.9270833333333
1/11/2017,04SPP-115,864.5291666666667
1/11/2017,04SRF-115,1135.9245833333334
1/11/2017,04SSA-115,780.9495833333335
1/11/2017,04SSA-230,781.3316666666668
1/11/2017,04STA-115,790.6487500000002
1/11/2017,04STI-115,865.3891666666665
1/11/2017,04SVU-115,1229.60625
1/11/2017,04SVV-115,782.7670833333333
1/11/2017,04TBR-115,996.4362500000002
1/11/2017,04TPO-115,1120.0320833333333
1/11/2017,04TPO-230,1109.3954166666667
1/11/2017,04TSR-115,1171.8291666666667
1/11/2017,04TST-115,868.8483333333335
1/11/2017,04TTB-115,992.3754166666666
1/11/2017,04URE-115,826.6987499999999
1/11/2017,04VCM-115,955.9920833333335
1/11/2017,04VDY-115,992.4525000000002
1/11/2017,04VIJ-115,1020.6854166666668
1/11/2017,04VMY-115,1055.9824999999998
1/11/2017,04VND-115,1224.4808333333333
1/11/2017,04VNO-115,820.5308333333334
1/11/2017,04VPI-115,821.6625
1/11/2017,04VYD-115,998.0374999999998
1/11/2017,05ABA-115,1309.5891666666666
1/11/2017,05ABG-115,1226.9441666666667
1/11/2017,05ADI-115,1307.7500000000002
1/11/2017,05AEP-115,711.1333333333332
1/11/2017,05AGE-115,789.2537499999999
1/11/2017,05ALI-115,714.7583333333333
1/11/2017,05ALL-115,1311.3704166666664
1/11/2017,05ALT-115,721.7908333333334
1/11/2017,05ALV-115,1272.13375
1/11/2017,05AMA-115,723.4758333333334
1/11/2017,05AMN-115,1291.9070833333333
1/11/2017,05AMR-115,721.0129166666667
1/11/2017,05AMS-115,1311.4433333333334
1/11/2017,05AON-115,734.4074999999999
1/11/2017,05ARE-115,732.0820833333332
1/11/2017,05ARM-115,750.2691666666668
1/11/2017,05AUM-115,718.9325000000002
1/11/2017,05AVO-115,743.4095833333336
1/11/2017,05AZT-115,714.8895833333332
1/11/2017,05BAC-115,1428.2045833333332
1/11/2017,05BAF-115,722.7491666666666
1/11/2017,05BAS-115,783.1979166666665
1/11/2017,05BAT-115,1358.6879166666665
1/11/2017,05BBA-115,1267.3612500000002
1/11/2017,05BER-115,1321.7379166666667
1/11/2017,05BJZ-115,727.67875
1/11/2017,05BLV-115,1271.66875
1/11/2017,05BOQ-115,1239.4187500000003
1/11/2017,05BSM-115,760.2370833333333
1/11/2017,05BUF-115,1244.6170833333335
1/11/2017,05CAR-115,716.7970833333334
1/11/2017,05CAS-115,721.3279166666666
1/11/2017,05CAT-115,1308.2937500000003
1/11/2017,05CCD-115,718.7583333333333
1/11/2017,05CCU-115,722.8937500000001
1/11/2017,05CDM-115,1256.7083333333333
1/11/2017,05CEB-115,1363.8566666666668
1/11/2017,05CEJ-115,710.8820833333334
1/11/2017,05CEM-115,1310.63125
1/11/2017,05CFN-115,1310.50125
1/11/2017,05CGR-115,730.1062499999999
1/11/2017,05CGU-115,1224.9258333333335
1/11/2017,05CHA-115,1300.5600000000002
1/11/2017,05CHC-115,736.7799999999999
1/11/2017,05CHD-115,731.70375
1/11/2017,05CHL-115,1305.2729166666666
1/11/2017,05CID-115,1457.5241666666668
1/11/2017,05CIE-115,1459.1945833333336
1/11/2017,05CIN-115,725.0983333333334
1/11/2017,05CJM-115,713.1454166666668
1/11/2017,05CLA-115,1311.6075000000003
1/11/2017,05CLG-115,716.8729166666667
1/11/2017,05CLI-115,1258.5120833333333
1/11/2017,05CLN-115,1237.9470833333335
1/11/2017,05CME1115,1255.8945833333337
1/11/2017,05CME2115,712.6016666666668
1/11/2017,05CMF-115,715.17
1/11/2017,05CMS-115,713.0154166666666
1/11/2017,05CND-115,1272.3275
1/11/2017,05COM-115,722.2179166666666
1/11/2017,05CON-115,794.0812499999998
1/11/2017,05CPN-115,723.6037500000001
1/11/2017,05CRC-115,740.4649999999998
1/11/2017,05CRL-115,784.9804166666668
1/11/2017,05CRN-115,1315.6208333333334
1/11/2017,05CSG-115,719.1258333333334
1/11/2017,05CUA-115,719.3733333333334
1/11/2017,05CUE-115,716.6429166666668
1/11/2017,05CUN-115,719.4358333333334
1/11/2017,05CUP-115,722.355
1/11/2017,05CVA-115,715.7699999999999
1/11/2017,05CZL-115,714.1724999999998
1/11/2017,05CZU-115,1321.0191666666667
1/11/2017,05DEL-115,747.2866666666667
1/11/2017,05DGD-115,1251.21125
1/11/2017,05DGN-115,1308.1720833333336
1/11/2017,05DGU-115,1253.2708333333335
1/11/2017,05DIN-115,1318.5095833333332
1/11/2017,05DIV-115,797.9616666666667
1/11/2017,05DLD-115,745.7129166666665
1/11/2017,05DLP-115,714.8725
1/11/2017,05DPH-115,1309.8174999999999
1/11/2017,05DUN-115,713.4754166666667
1/11/2017,05DUR-115,1272.287916666667
1/11/2017,05EDU-115,1314.4783333333332
1/11/2017,05ELP-115,1365.3474999999999
1/11/2017,05ELV-115,1313.7262500000002
1/11/2017,05END-230,710.6233333333334
1/11/2017,05ENO-230,710.4508333333334
1/11/2017,05ESC-115,1251.5695833333336
1/11/2017,05ESL-115,1305.667916666667
1/11/2017,05ESZ-115,731.8829166666666
1/11/2017,05EZT-115,1317.1141666666667
1/11/2017,05FLE-115,711.8291666666668
1/11/2017,05FMR-115,717.8645833333334
1/11/2017,05FPD-115,722.1916666666667
1/11/2017,05FRC-115,1306.6320833333336
1/11/2017,05FRD-115,722.3108333333333
1/11/2017,05FTS-115,718.0791666666668
1/11/2017,05FVL-115,742.6558333333332
1/11/2017,05FVL-230,742.6558333333332
1/11/2017,05FXD-115,713.6125000000001
1/11/2017,05FZA-115,1316.2900000000002
1/11/2017,05GAV-115,725.1283333333334
1/11/2017,05GCH-115,1286.6574999999996
1/11/2017,05GDN-115,1260.9929166666668
1/11/2017,05GEM-115,713.2375000000001
1/11/2017,05GJO-115,717.3625000000001
1/11/2017,05GML-115,787.4562499999998
1/11/2017,05GNA-115,735.3129166666666
1/11/2017,05GPL-115,1306.5800000000002
1/11/2017,05GPL-230,1303.9304166666666
1/11/2017,05GTR-115,724.7249999999999
1/11/2017,05GVI-115,1299.3295833333334
1/11/2017,05GVR-115,1277.555
1/11/2017,05HCL-230,1161.982083333333
1/11/2017,05HDS-115,723.9466666666666
1/11/2017,05HNW-115,718.9629166666667
1/11/2017,05IGS-115,712.41375
1/11/2017,05INJ-115,712.4183333333334
1/11/2017,05INO-115,716.0295833333331
1/11/2017,05INS-115,712.6883333333334
1/11/2017,05INW-115,1254.6100000000001
1/11/2017,05ISD-115,718.9791666666665
1/11/2017,05ISP-115,722.3137499999999
1/11/2017,05ITC-115,725.1537499999998
1/11/2017,05JAB-115,725.1370833333334
1/11/2017,05JAR-115,1307.3512500000004
1/11/2017,05JEZ-115,1243.655
1/11/2017,05JND-115,1308.4583333333333
1/11/2017,05JOS-115,733.0491666666666
1/11/2017,05KOO-115,748.375
1/11/2017,05LAF-115,1247.7975
1/11/2017,05LAG-115,718.645
1/11/2017,05LAL-115,1307.325
1/11/2017,05LAP-115,719.0233333333332
1/11/2017,05LCS-115,754.3112499999999
1/11/2017,05LED-230,1300.4116666666666
1/11/2017,05LEN-230,719.4450000000002
1/11/2017,05LEO-115,732.12
1/11/2017,05LEX-115,716.7470833333333
1/11/2017,05LGA-115,1307.1725000000001
1/11/2017,05LGD-115,1307.1825000000001
1/11/2017,05LGM-115,1313.4104166666668
1/11/2017,05LJT-115,1309.6633333333332
1/11/2017,05LPA-115,1296.9883333333332
1/11/2017,05LPL-115,1171.4279166666668
1/11/2017,05LRE-115,1410.9245833333337
1/11/2017,05LRT-115,1304.6070833333333
1/11/2017,05LSA-115,744.9316666666667
1/11/2017,05LSC-115,1304.4191666666668
1/11/2017,05LTD-115,716.6754166666668
1/11/2017,05LTR-230,1251.21125
1/11/2017,05LXD-115,712.2270833333333
1/11/2017,05LZM-115,745.5379166666668
1/11/2017,05MAC-115,1260.2170833333334
1/11/2017,05MAT-115,1303.4150000000002
1/11/2017,05MAU-115,1311.3762499999998
1/11/2017,05MAY-115,1323.6295833333334
1/11/2017,05MBA-115,741.11625
1/11/2017,05MCO-115,742.1304166666667
1/11/2017,05MCZ-115,718.0641666666669
1/11/2017,05MDO-115,807.8591666666667
1/11/2017,05MDT-115,1305.4212499999999
1/11/2017,05MED-115,715.7804166666666
1/11/2017,05MEN-115,739.3179166666664
1/11/2017,05MIR-115,1308.7533333333333
1/11/2017,05MMI-115,1306.8875
1/11/2017,05MOQ-115,756.9608333333334
1/11/2017,05MRO-115,1394.5633333333335
1/11/2017,05MRT-115,1325.3712500000004
1/11/2017,05MSS-115,1257.0041666666668
1/11/2017,05MTR-115,721.5541666666667
1/11/2017,05NAC-115,772.7170833333334
1/11/2017,05NAI-115,772.6666666666665
1/11/2017,05NCB-115,739.7516666666666
1/11/2017,05NDD-115,722.8624999999998
1/11/2017,05NHO-115,1171.5541666666666
1/11/2017,05NID-115,1348.89125
1/11/2017,05OAS-115,1171.7475
1/11/2017,05OCP-115,722.1870833333334
1/11/2017,05OJI-115,1187.2466666666667
1/11/2017,05OTV-115,714.7962500000002
1/11/2017,05PAL-115,817.8295833333332
1/11/2017,05PAR-115,1272.845
1/11/2017,05PAT-115,717.2512499999999
1/11/2017,05PCH-115,719.0741666666669
1/11/2017,05PDA-115,1392.3608333333332
1/11/2017,05PEL-230,1306.65375
1/11/2017,05PLA-115,1362.5566666666664
1/11/2017,05PMR-115,722.8145833333333
1/11/2017,05PMS-115,747.6716666666665
1/11/2017,05PPR-115,1327.97375
1/11/2017,05PPS-115,719.4191666666666
1/11/2017,05PQE-115,714.5095833333331
1/11/2017,05PRA-115,1358.945
1/11/2017,05PRR-115,722.87875
1/11/2017,05PSA-115,1313.18625
1/11/2017,05PTJ-115,1277.1562500000002
1/11/2017,05QDO-115,1256.7762500000001
1/11/2017,05RCS-115,734.8562500000002
1/11/2017,05REM-115,1318.5183333333334
1/11/2017,05RIF-115,1239.7545833333331
1/11/2017,05RLU-115,1311.8808333333334
1/11/2017,05RNN-115,719.0349999999999
1/11/2017,05ROB-115,717.4045833333334
1/11/2017,05RVA-115,714.5008333333332
1/11/2017,05SAB-115,1299.7041666666667
1/11/2017,05SAJ-115,1316.96625
1/11/2017,05SAU-115,721.4420833333334
1/11/2017,05SBV-115,731.1133333333332
1/11/2017,05SCT-115,1307.65375
1/11/2017,05SFB-115,732.1708333333332
1/11/2017,05SFO-115,1267.4225
1/11/2017,05SGP-115,1388.875
1/11/2017,05SGU-115,1264.0749999999998
1/11/2017,05SID-115,716.4829166666665
1/11/2017,05SIG-115,722.08875
1/11/2017,05SJE-115,713.5308333333334
1/11/2017,05SMO-115,1289.6025
1/11/2017,05SOM-115,1332.1929166666666
1/11/2017,05SPD-115,1320.4429166666666
1/11/2017,05SVC-115,716.2045833333335
1/11/2017,05SYC-230,700.2254166666667
1/11/2017,05SYD-230,700.2254166666667
1/11/2017,05TAK-115,1306.33125
1/11/2017,05TBL-115,719.85125
1/11/2017,05TEC-115,715.8345833333334
1/11/2017,05THS-115,1169.4941666666666
1/11/2017,05TMA-115,1385.46
1/11/2017,05TOR-115,715.3570833333333
1/11/2017,05TOT-115,1309.5125
1/11/2017,05TRR-115,1307.69625
1/11/2017,05VAE-115,1310.4670833333334
1/11/2017,05VAH-115,724.9741666666665
1/11/2017,05VEZ-115,719.5995833333335
1/11/2017,05VGR-115,1299.7041666666667
1/11/2017,05VIT-115,718.9870833333333
1/11/2017,05VIU-115,712.3575000000002
1/11/2017,05VSM-115,728.9033333333332
1/11/2017,05VTL-115,718.8845833333334
1/11/2017,05WER-115,713.2754166666665
1/11/2017,05WRA-115,744.8504166666668
1/11/2017,05YMO-115,1354.1891666666668
1/11/2017,05ZZA-115,717.1720833333334
1/11/2017,06ABR-115,1098.0820833333335
1/11/2017,06ACD-138,724.9258333333333
1/11/2017,06ACM-115,737.1933333333333
1/11/2017,06ADC-138,702.4404166666667
1/11/2017,06AEO-115,730.4825
1/11/2017,06AER-138,704.9270833333331
1/11/2017,06AGN-115,1138.0316666666665
1/11/2017,06AHM-400,721.6349999999999
1/11/2017,06ALM-115,1138.0895833333332
1/11/2017,06ALN-115,778.7595833333335
1/11/2017,06ALP-115,1166.9837499999999
1/11/2017,06ALT-230,1052.7320833333333
1/11/2017,06ALT-400,1054.1841666666667
1/11/2017,06AME-115,748.2637500000001
1/11/2017,06AMI-138,721.4387499999999
1/11/2017,06ANP-115,1078.4225000000004
1/11/2017,06ANZ-138,709.5108333333333
1/11/2017,06APC-230,961.0787499999998
1/11/2017,06APO-115,749.6679166666667
1/11/2017,06APX-115,1090.0354166666664
1/11/2017,06ARV-115,739.8070833333335
1/11/2017,06ATP-230,693.0229166666667
1/11/2017,06ATP-400,697.1
1/11/2017,06AUA-138,724.5695833333334
1/11/2017,06AUS-115,745.6391666666667
1/11/2017,06AZN-138,709.7429166666667
1/11/2017,06AZT-115,1092.3500000000001
1/11/2017,06BAD-138,708.9941666666665
1/11/2017,06BER-115,752.2791666666667
1/11/2017,06BET-115,924.7345833333335
1/11/2017,06BIC-115,920.0433333333334
1/11/2017,06BLH-115,740.5025000000002
1/11/2017,06BRI-115,1117.3945833333335
1/11/2017,06CAM-138,713.16
1/11/2017,06CAP-115,1149.9004166666666
1/11/2017,06CAT-115,746.1749999999998
1/11/2017,06CBD-400,694.5749999999999
1/11/2017,06CBO-115,746.9066666666668
1/11/2017,06CCL-115,730.5675
1/11/2017,06CDU-400,742.1420833333333
1/11/2017,06CED-230,1045.1154166666668
1/11/2017,06CEL-115,745.6679166666667
1/11/2017,06CEM-115,749.1762500000001
1/11/2017,06CEN-138,704.6666666666665
1/11/2017,06CER-115,742.0437500000002
1/11/2017,06CFD-115,747.2787500000001
1/11/2017,06CHR-115,1061.3899999999999
1/11/2017,06CIB-115,1157.7529166666666
1/11/2017,06CID-138,705.2645833333335
1/11/2017,06CIM-138,702.9558333333334
1/11/2017,06CIS-115,745.2491666666666
1/11/2017,06CMN-115,747.5833333333335
1/11/2017,06CNY-115,746.3299999999999
1/11/2017,06CPR-138,704.4179166666668
1/11/2017,06CRO-138,700.8995833333333
1/11/2017,06CUF-138,707.0833333333334
1/11/2017,06CUF-230,706.68375
1/11/2017,06CYC-115,1137.4820833333333
1/11/2017,06DNA-115,745.4520833333335
1/11/2017,06DNS-138,711.8470833333334
1/11/2017,06DON-115,747.4233333333333
1/11/2017,06DTL-115,745.1929166666667
1/11/2017,06DUT-115,1057.3487499999999
1/11/2017,06EAP-138,703.9283333333333
1/11/2017,06EBA-115,1087.4979166666665
1/11/2017,06ECN-115,749.0770833333331
1/11/2017,06EHN-230,761.7787500000001
1/11/2017,06ESC-115,745.7462500000001
1/11/2017,06ESC-230,772.6420833333332
1/11/2017,06ESC-400,738.375
1/11/2017,06EST-115,752.9633333333331
1/11/2017,06ETK-115,1045.34875
1/11/2017,06ETZ-115,746.5070833333331
1/11/2017,06FAM-138,703.495
1/11/2017,06FIG-115,740.7370833333334
1/11/2017,06FIS-115,1114.7879166666664
1/11/2017,06FME-115,1044.8945833333335
1/11/2017,06FRO-115,726.26375
1/11/2017,06FTE-138,704.8308333333333
1/11/2017,06FUG-115,747.3391666666665
1/11/2017,06FUN-115,747.9037500000001
1/11/2017,06GAC-115,738.4120833333335
1/11/2017,06GDL-115,745.8333333333335
1/11/2017,06GMO-115,1113.6970833333332
1/11/2017,06GPT-115,1044.5595833333334
1/11/2017,06GRA-115,729.6437500000001
1/11/2017,06GRS-115,745.3358333333334
1/11/2017,06GUE-115,910.9058333333332
1/11/2017,06HUI-115,739.2037500000001
1/11/2017,06HUI-230,743.3541666666665
1/11/2017,06HUO-400,742.1420833333333
1/11/2017,06HYM-400,744.2970833333335
1/11/2017,06ILP-115,1045.3958333333333
1/11/2017,06IND-115,1054.406666666667
1/11/2017,06INO-138,711.3000000000002
1/11/2017,06INV-138,700.89
1/11/2017,06JAD-138,706.1700000000001
1/11/2017,06JAN-115,743.5954166666669
1/11/2017,06JCC-115,752.3420833333333
1/11/2017,06JEP-115,744.6033333333334
1/11/2017,06JNO-115,742.33875
1/11/2017,06JOR-115,745.99375
1/11/2017,06JRA-138,709.4529166666667
1/11/2017,06JUZ-138,709.3858333333333
1/11/2017,06JZO-115,742.4124999999999
1/11/2017,06KAF-115,1040.9700000000003
1/11/2017,06KGP-115,740.5
1/11/2017,06KMG-115,745.9845833333334
1/11/2017,06KOH-115,743.3733333333333
1/11/2017,06KRF-115,752.36625
1/11/2017,06LAA-138,704.28875
1/11/2017,06LAF-115,744.5962499999999
1/11/2017,06LAJ-115,803.4854166666665
1/11/2017,06LAO-138,706.3791666666666
1/11/2017,06LBR-115,1099.5658333333333
1/11/2017,06LBT-115,926.3708333333333
1/11/2017,06LDA-115,797.5854166666664
1/11/2017,06LDC-115,1044.5595833333334
1/11/2017,06LDV-115,1063.9416666666668
1/11/2017,06LEC-115,745.6129166666666
1/11/2017,06LEO-115,745.0662500000002
1/11/2017,06LLN-115,1196.9391666666668
1/11/2017,06LOL-115,745.8412500000003
1/11/2017,06LRR-115,746.6820833333331
1/11/2017,06LSN-115,834.5575
1/11/2017,06LTO-138,701.4645833333334
1/11/2017,06LVI-138,700.7670833333333
1/11/2017,06MAB-115,1112.7250000000001
1/11/2017,06MAN-115,1099.0158333333336
1/11/2017,06MAV-115,745.2066666666668
1/11/2017,06MCO-115,752.7120833333333
1/11/2017,06MDS-138,693.8770833333333
1/11/2017,06MDU-115,737.2783333333335
1/11/2017,06MEH-230,1101.6308333333334
1/11/2017,06MEO-230,833.86
1/11/2017,06MES-400,1096.2258333333332
1/11/2017,06MGN-115,1094.3008333333335
1/11/2017,06MIA-230,1074.774583333333
1/11/2017,06MIE-115,708.9520833333335
1/11/2017,06MIG-138,708.3708333333333
1/11/2017,06MIT-115,747.8904166666666
1/11/2017,06MKL-115,748.0404166666667
1/11/2017,06MME-138,703.1995833333332
1/11/2017,06MOD-115,745.7795833333333
1/11/2017,06MON-115,727.8258333333333
1/11/2017,06MON-230,728.2966666666665
1/11/2017,06MPX-115,743.7591666666666
1/11/2017,06MRL-115,1158.6095833333334
1/11/2017,06MSA-115,748.4029166666666
1/11/2017,06MSC-115,1169.7104166666666
1/11/2017,06MSI-115,753.0508333333332
1/11/2017,06MSO-115,1088.6608333333334
1/11/2017,06MTI-115,746.4858333333335
1/11/2017,06MTM-138,705.17875
1/11/2017,06MTN-115,796.7266666666666
1/11/2017,06MTP-115,743.5412499999999
1/11/2017,06MUL-115,1081.863333333333
1/11/2017,06MUN-115,743.86125
1/11/2017,06MZQ-115,744.6645833333332
1/11/2017,06NAS-115,745.8425000000001
1/11/2017,06NAV-138,694.2933333333334
1/11/2017,06NEK-115,743.5770833333331
1/11/2017,06NIC-115,742.4166666666669
1/11/2017,06NOG-115,748.6712500000002
1/11/2017,06NRE-138,709.4758333333333
1/11/2017,06NRJ-115,1123.4529166666669
1/11/2017,06NST-115,922.5179166666666
1/11/2017,06NUE-115,746.1225000000001
1/11/2017,06NUL-138,707.2158333333332
1/11/2017,06NUR-115,708.6308333333333
1/11/2017,06NUR-230,708.6308333333333
1/11/2017,06NVD-115,1192.7995833333337
1/11/2017,06OJC-138,707.21125
1/11/2017,06ORZ-138,711.6383333333332
1/11/2017,06OTE-138,703.2441666666667
1/11/2017,06OVO-115,918.9695833333334
1/11/2017,06OXF-115,1162.7758333333334
1/11/2017,06OZL-115,1094.60125
1/11/2017,06PAE-400,1032.1595833333333
1/11/2017,06PAI-138,711.6041666666666
1/11/2017,06PAN-115,1071.264583333333
1/11/2017,06PAX-115,748.3733333333334
1/11/2017,06PBS-115,745.0133333333332
1/11/2017,06PCD-230,739.1737499999999
1/11/2017,06PCO-115,1035.16
1/11/2017,06PCT-115,1045.3987499999996
1/11/2017,06PEM-115,745.0012499999999
1/11/2017,06PER-138,709.4891666666667
1/11/2017,06PIA-115,1173.1533333333332
1/11/2017,06PIC-138,711.2016666666665
1/11/2017,06PIE-115,746.3370833333333
1/11/2017,06PIK-115,744.4670833333333
1/11/2017,06PIO-138,706.3283333333334
1/11/2017,06PIU-138,724.5029166666668
1/11/2017,06PLE-115,744.80125
1/11/2017,06PNE-138,703.9283333333333
1/11/2017,06POG-138,711.5770833333332
1/11/2017,06POL-115,1055.4424999999999
1/11/2017,06PQA-115,752.6316666666665
1/11/2017,06PRY-115,746.2312500000002
1/11/2017,06PSM-115,1194.382916666667
1/11/2017,06PTN-115,1045.3550000000002
1/11/2017,06PTS-115,744.7899999999998
1/11/2017,06PUI-138,705.2904166666667
1/11/2017,06PUO-115,1034.6266666666666
1/11/2017,06PZA-115,744.3229166666666
1/11/2017,06RAP-115,1196.3166666666666
1/11/2017,06RAP-400,1391.8233333333335
1/11/2017,06RBP-138,710.0637500000001
1/11/2017,06RDP-115,749.5633333333334
1/11/2017,06REC-230,691.5179166666668
1/11/2017,06REC-400,694.62875
1/11/2017,06REY-138,709.1379166666667
1/11/2017,06RIB-138,709.1754166666666
1/11/2017,06RIB-230,706.34875
1/11/2017,06RIE-115,748.0758333333334
1/11/2017,06RIO-115,745.7308333333334
1/11/2017,06RMA-115,1054.287916666667
1/11/2017,06ROQ-115,745.4441666666667
1/11/2017,06RRA-115,1161.8866666666665
1/11/2017,06RRD-138,707.1883333333334
1/11/2017,06RYC-138,707.7716666666666
1/11/2017,06SAH-115,768.3633333333333
1/11/2017,06SAL-115,1106.85875
1/11/2017,06SEN-138,704.4266666666666
1/11/2017,06SLL-115,746.1670833333333
1/11/2017,06SMA-115,745.7075000000001
1/11/2017,06SRD-115,753.5995833333336
1/11/2017,06STO-115,1090.0004166666665
1/11/2017,06STZ-115,741.51125
1/11/2017,06TAM-115,1059.5045833333331
1/11/2017,06TCL-115,1060.4358333333332
1/11/2017,06TCO-138,703.9420833333334
1/11/2017,06TEC-115,744.3924999999999
1/11/2017,06TEG-400,1079.2825
1/11/2017,06TEP-400,1079.2825
1/11/2017,06THB-115,746.2566666666667
1/11/2017,06THO-115,744.9520833333332
1/11/2017,06TIB-115,750.8458333333334
1/11/2017,06TII-115,751.5983333333334
1/11/2017,06TKS-115,726.4408333333332
1/11/2017,06TMO-115,1062.2233333333334
1/11/2017,06TMS-400,952.3695833333335
1/11/2017,06TNA-115,919.3266666666665
1/11/2017,06TPC-115,1057.2291666666665
1/11/2017,06TPQ-115,745.6616666666669
1/11/2017,06TRQ-400,736.7049999999999
1/11/2017,06TXE-115,1048.2837500000003
1/11/2017,06UCA-230,758.3779166666668
1/11/2017,06UNI-115,745.26625
1/11/2017,06UNT-115,1058.8487499999999
1/11/2017,06VAL-115,1085.9600000000003
1/11/2017,06VAP-115,744.9112500000001
1/11/2017,06VDS-115,757.7970833333333
1/11/2017,06VES-115,1087.4066666666665
1/11/2017,06VHE-138,709.3454166666667
1/11/2017,06VJD-115,743.3366666666666
1/11/2017,06VKM-230,689.1979166666666
1/11/2017,06VLF-138,708.5270833333334
1/11/2017,06VLL-115,745.3137500000001
1/11/2017,06VOT-115,744.5308333333332
1/11/2017,06VRA-115,925.4841666666666
1/11/2017,06VSA-115,747.4649999999998
1/11/2017,06VSL-115,745.3558333333335
1/11/2017,06XOC-115,729.48625
1/11/2017,06ZPL-115,1133.538333333333
1/11/2017,08AKD-115,1314.6141666666667
1/11/2017,08AKI-115,1300.1425000000002
1/11/2017,08ALO-115,1303.3354166666668
1/11/2017,08AUC-115,1313.8125000000002
1/11/2017,08AVP-115,1310.2708333333333
1/11/2017,08BNI-115,1310.1320833333332
1/11/2017,08BNP-115,1311.4645833333334
1/11/2017,08CBR-115,1304.5025
1/11/2017,08CBU-115,1297.2729166666666
1/11/2017,08CCP-115,1301.1575
1/11/2017,08CEK-115,1312.7783333333334
1/11/2017,08CEX-115,1260.487916666667
1/11/2017,08CHB-34.5,1353.3220833333332
1/11/2017,08CHS-34.5,1345.8
1/11/2017,08CKD-115,1307.4679166666665
1/11/2017,08CLC-115,1310.7783333333332
1/11/2017,08CMO-115,1298.1475
1/11/2017,08CMY-115,1307.4333333333334
1/11/2017,08CNC-115,1311.3329166666665
1/11/2017,08CNO-115,1308.7054166666667
1/11/2017,08CNR-115,1330.6899999999998
1/11/2017,08COZ-34.5,1353.4225
1/11/2017,08CRE-115,1327.48125
1/11/2017,08CTE-115,1354.330416666667
1/11/2017,08CYL-115,1302.2358333333334
1/11/2017,08DZI-115,1264.04375
1/11/2017,08ESA-115,1277.2549999999999
1/11/2017,08HAA-115,1312.3116666666667
1/11/2017,08HBK-115,1313.4904166666665
1/11/2017,08HCE-115,1291.006666666667
1/11/2017,08HNC-115,1305.0533333333333
1/11/2017,08HOL-115,1307.2024999999999
1/11/2017,08HRA-115,1305.9091666666666
1/11/2017,08IBR-115,1305.48375
1/11/2017,08IGN-115,1310.2383333333332
1/11/2017,08INS-115,1353.7479166666665
1/11/2017,08IZE-115,1308.9566666666667
1/11/2017,08IZI-115,1306.0029166666666
1/11/2017,08IZL-115,1291.9866666666667
1/11/2017,08KAB-115,1313.4020833333332
1/11/2017,08KAL-115,1295.9091666666666
1/11/2017,08KBL-115,1331.145416666667
1/11/2017,08KOP-115,1311.7237499999999
1/11/2017,08KUK-115,1311.7395833333333
1/11/2017,08LAC-115,1350.12625
1/11/2017,08LEE-115,1296.1124999999997
1/11/2017,08LRA-115,1288.6845833333334
1/11/2017,08LTE-115,1330.9416666666666
1/11/2017,08MAX-115,1305.5249999999999
1/11/2017,08MDA-115,1306.1004166666664
1/11/2017,08MDN-115,1303.9295833333333
1/11/2017,08MDP-230,1298.56375
1/11/2017,08MHH-115,1352.0166666666669
1/11/2017,08MPA-115,1305.457083333333
1/11/2017,08MTO-115,1306.1329166666667
1/11/2017,08MYK-115,1308.4974999999997
1/11/2017,08NCM-115,1306.689583333333
1/11/2017,08NCT-115,1313.07875
1/11/2017,08NIH-115,1309.0824999999998
1/11/2017,08NIZ-115,1306.73125
1/11/2017,08NTE-115,1301.9925
1/11/2017,08PCN-115,1309.2250000000001
1/11/2017,08PJU-115,1311.2320833333333
1/11/2017,08PKP-115,1313.71875
1/11/2017,08PLY-115,1310.0787500000001
1/11/2017,08PMO-115,1303.0974999999996
1/11/2017,08PMR-115,1317.67
1/11/2017,08PMU-115,1311.8566666666668
1/11/2017,08PPH-115,1304.6083333333333
1/11/2017,08PPO-115,1312.8454166666668
1/11/2017,08PSA-115,1311.1412500000001
1/11/2017,08PTE-115,1303.0662499999999
1/11/2017,08PYU-115,1339.8841666666665
1/11/2017,08SAD-115,1294.2329166666668
1/11/2017,08SAE-115,1247.6112499999997
1/11/2017,08SAM-115,1293.9350000000002
1/11/2017,08SBY-115,1306.4779166666667
1/11/2017,08SDM-115,1299.9095833333333
1/11/2017,08SHC-115,1295.6799999999998
1/11/2017,08SLC-230,1253.7116666666666
1/11/2017,08SUC-115,1290.5845833333335
1/11/2017,08SUR-115,1305.4495833333333
1/11/2017,08TIU-115,1290.66375
1/11/2017,08TKD-115,1310.7812500000002
1/11/2017,08TUM-115,1303.885416666667
1/11/2017,08TXM-115,1311.0054166666666
1/11/2017,08TXS-115,1303.5458333333333
1/11/2017,08TZM-115,1284.9741666666669
1/11/2017,08UMA-115,1310.8808333333334
1/11/2017,08VAD-115,1241.3662500000003
1/11/2017,08VAD-230,1246.9854166666667
1/11/2017,08VDD-115,1245.92625
1/11/2017,08XLC-115,1305.0845833333335
1/11/2017,08XPU-115,1283.1570833333333
1/11/2017,08XUL-115,1346.610833333333
1/11/2017,08YXE-115,1313.2937499999998
1/11/2017,08ZNE-115,1308.8354166666666
